;variable;value
0;beta_0;-2.3477619
1;beta_0;-1.9748707
2;beta_0;-1.9052936
3;beta_0;-1.882156
4;beta_0;-1.9114226
5;beta_0;-1.4138902
6;beta_0;-1.9841169
7;beta_0;-1.3206191
8;beta_0;-1.8156459
9;beta_0;-2.0598986
10;beta_0;0.0
11;beta_0;-1.5675311
12;beta_0;-1.3360714
13;beta_0;0.0
14;beta_0;-1.7226886
15;beta_0;-2.0940235
16;beta_0;-2.0930266
17;beta_0;-1.8081323
18;beta_0;-1.7008992
19;beta_0;-2.005049
20;beta_0;-1.975016
21;beta_0;-1.7074909
22;beta_0;-1.680627
23;beta_0;-2.0123608
24;beta_0;-1.9271481
25;beta_0;-2.2096803
26;beta_0;-1.3719352
27;beta_0;-1.525308
28;beta_0;0.0
29;beta_0;-1.9863614
30;beta_0;-1.6439592
31;beta_0;-2.1563072
32;beta_0;0.0
33;beta_0;-1.5199378
34;beta_0;-1.9785541
35;beta_0;-1.6872683
36;beta_0;-1.8286432
37;beta_0;-1.5599214
38;beta_0;-1.786728
39;beta_0;-2.0456579
40;beta_0;-1.6656523
41;beta_0;-1.9751701
42;beta_0;-1.6955552
43;beta_0;-1.8048786
44;beta_0;-1.9904196
45;beta_0;-1.6484128
46;beta_0;-2.0361652
47;beta_0;-2.039122
48;beta_0;-2.3740199
49;beta_0;-1.3823404
50;beta_1;0.0
51;beta_1;0.0
52;beta_1;0.0
53;beta_1;0.0
54;beta_1;-1.0693246
55;beta_1;0.0
56;beta_1;0.0
57;beta_1;0.0
58;beta_1;0.0
59;beta_1;0.0
60;beta_1;0.0
61;beta_1;0.0
62;beta_1;0.0
63;beta_1;0.0
64;beta_1;-0.97054666
65;beta_1;0.0
66;beta_1;0.0
67;beta_1;-1.1670531
68;beta_1;-1.2213279
69;beta_1;0.0
70;beta_1;0.0
71;beta_1;0.0
72;beta_1;0.0
73;beta_1;0.0
74;beta_1;0.0
75;beta_1;0.0
76;beta_1;0.0
77;beta_1;0.0
78;beta_1;0.0
79;beta_1;0.0
80;beta_1;-0.8873982
81;beta_1;-1.3573767
82;beta_1;0.0
83;beta_1;0.0
84;beta_1;0.0
85;beta_1;0.0
86;beta_1;0.0
87;beta_1;0.0
88;beta_1;0.0
89;beta_1;-0.78333664
90;beta_1;0.0
91;beta_1;0.0
92;beta_1;0.0
93;beta_1;0.0
94;beta_1;0.0
95;beta_1;0.0
96;beta_1;0.0
97;beta_1;0.0
98;beta_1;0.0
99;beta_1;0.0
100;beta_2;0.0
101;beta_2;0.0
102;beta_2;0.0
103;beta_2;0.0
104;beta_2;1.05509
105;beta_2;0.0
106;beta_2;0.0
107;beta_2;0.0
108;beta_2;0.98665434
109;beta_2;0.0
110;beta_2;0.99496835
111;beta_2;0.0
112;beta_2;0.0
113;beta_2;0.0
114;beta_2;1.1567155
115;beta_2;0.0
116;beta_2;1.2340378
117;beta_2;0.0
118;beta_2;0.0
119;beta_2;0.0
120;beta_2;0.0
121;beta_2;0.0
122;beta_2;0.0
123;beta_2;0.0
124;beta_2;0.0
125;beta_2;1.1035461
126;beta_2;0.0
127;beta_2;0.0
128;beta_2;0.0
129;beta_2;1.0850389
130;beta_2;0.0
131;beta_2;1.0020438
132;beta_2;0.0
133;beta_2;1.4148078
134;beta_2;0.0
135;beta_2;0.0
136;beta_2;0.0
137;beta_2;0.0
138;beta_2;0.0
139;beta_2;0.0
140;beta_2;0.0
141;beta_2;0.0
142;beta_2;0.0
143;beta_2;0.0
144;beta_2;0.0
145;beta_2;0.0
146;beta_2;0.0
147;beta_2;0.0
148;beta_2;0.0
149;beta_2;0.0
150;beta_3;1.6624907
151;beta_3;1.7987021
152;beta_3;2.1673002
153;beta_3;2.011171
154;beta_3;1.8295212
155;beta_3;1.5993228
156;beta_3;1.8699145
157;beta_3;0.0
158;beta_3;1.362691
159;beta_3;2.0332065
160;beta_3;1.5996432
161;beta_3;1.8156695
162;beta_3;2.0339527
163;beta_3;1.8472044
164;beta_3;0.0
165;beta_3;1.5657058
166;beta_3;1.9103976
167;beta_3;0.0
168;beta_3;1.853766
169;beta_3;1.6291093
170;beta_3;1.7581695
171;beta_3;1.7588404
172;beta_3;1.6580391
173;beta_3;1.7011869
174;beta_3;1.6626706
175;beta_3;2.026492
176;beta_3;0.0
177;beta_3;1.7457157
178;beta_3;0.0
179;beta_3;1.9783394
180;beta_3;2.1833067
181;beta_3;2.0627384
182;beta_3;0.0
183;beta_3;0.0
184;beta_3;1.5818405
185;beta_3;1.9929882
186;beta_3;1.4300479
187;beta_3;2.3440502
188;beta_3;1.9880978
189;beta_3;1.6737295
190;beta_3;1.7177224
191;beta_3;2.0173838
192;beta_3;1.7862061
193;beta_3;1.4956434
194;beta_3;1.9619437
195;beta_3;2.0451577
196;beta_3;2.0920122
197;beta_3;1.9123738
198;beta_3;1.9687573
199;beta_3;0.0
200;beta_4;0.0
201;beta_4;0.0
202;beta_4;0.0
203;beta_4;0.0
204;beta_4;0.0
205;beta_4;0.0
206;beta_4;0.0
207;beta_4;0.0
208;beta_4;0.0
209;beta_4;0.0
210;beta_4;0.0
211;beta_4;0.0
212;beta_4;0.0
213;beta_4;0.0
214;beta_4;0.0
215;beta_4;0.0
216;beta_4;0.0
217;beta_4;0.0
218;beta_4;0.0
219;beta_4;0.0
220;beta_4;0.0
221;beta_4;0.0
222;beta_4;0.0
223;beta_4;0.0
224;beta_4;0.0
225;beta_4;0.0
226;beta_4;0.0
227;beta_4;0.0
228;beta_4;0.0
229;beta_4;0.0
230;beta_4;0.0
231;beta_4;0.0
232;beta_4;0.0
233;beta_4;0.0
234;beta_4;0.0
235;beta_4;0.0
236;beta_4;0.0
237;beta_4;0.0
238;beta_4;0.0
239;beta_4;0.0
240;beta_4;0.0
241;beta_4;0.0
242;beta_4;0.0
243;beta_4;0.0
244;beta_4;0.0
245;beta_4;0.0
246;beta_4;0.0
247;beta_4;0.0
248;beta_4;0.0
249;beta_4;0.0
250;beta_5;0.0
251;beta_5;0.0
252;beta_5;0.0
253;beta_5;0.0
254;beta_5;0.0
255;beta_5;0.0
256;beta_5;0.0
257;beta_5;0.0
258;beta_5;0.0
259;beta_5;0.0
260;beta_5;0.0
261;beta_5;0.0
262;beta_5;0.0
263;beta_5;0.0
264;beta_5;0.0
265;beta_5;0.0
266;beta_5;0.0
267;beta_5;0.0
268;beta_5;0.0
269;beta_5;0.0
270;beta_5;0.0
271;beta_5;0.0
272;beta_5;0.0
273;beta_5;0.0
274;beta_5;0.0
275;beta_5;0.0
276;beta_5;0.0
277;beta_5;0.0
278;beta_5;0.0
279;beta_5;0.0
280;beta_5;0.0
281;beta_5;0.0
282;beta_5;0.0
283;beta_5;0.0
284;beta_5;0.0
285;beta_5;0.0
286;beta_5;0.0
287;beta_5;0.0
288;beta_5;0.0
289;beta_5;0.0
290;beta_5;0.0
291;beta_5;0.0
292;beta_5;0.0
293;beta_5;0.0
294;beta_5;0.0
295;beta_5;0.0
296;beta_5;0.0
297;beta_5;0.0
298;beta_5;0.0
299;beta_5;0.0
300;beta_6;0.0
301;beta_6;0.0
302;beta_6;0.0
303;beta_6;0.0
304;beta_6;0.0
305;beta_6;0.0
306;beta_6;0.0
307;beta_6;0.0
308;beta_6;0.0
309;beta_6;0.0
310;beta_6;0.0
311;beta_6;0.0
312;beta_6;0.0
313;beta_6;0.0
314;beta_6;0.0
315;beta_6;0.0
316;beta_6;0.0
317;beta_6;0.0
318;beta_6;0.0
319;beta_6;0.0
320;beta_6;0.0
321;beta_6;0.0
322;beta_6;0.0
323;beta_6;0.0
324;beta_6;0.0
325;beta_6;0.0
326;beta_6;0.0
327;beta_6;0.0
328;beta_6;0.0
329;beta_6;0.0
330;beta_6;0.0
331;beta_6;0.0
332;beta_6;0.0
333;beta_6;0.0
334;beta_6;0.0
335;beta_6;0.0
336;beta_6;0.0
337;beta_6;0.0
338;beta_6;0.0
339;beta_6;0.0
340;beta_6;0.0
341;beta_6;0.0
342;beta_6;0.0
343;beta_6;0.0
344;beta_6;0.0
345;beta_6;0.0
346;beta_6;0.0
347;beta_6;0.0
348;beta_6;0.0
349;beta_6;0.0
350;beta_7;0.0
351;beta_7;0.0
352;beta_7;0.0
353;beta_7;0.0
354;beta_7;0.0
355;beta_7;0.59635544
356;beta_7;0.0
357;beta_7;0.0
358;beta_7;0.0
359;beta_7;0.0
360;beta_7;0.0
361;beta_7;0.0
362;beta_7;0.0
363;beta_7;0.0
364;beta_7;0.0
365;beta_7;0.0
366;beta_7;0.0
367;beta_7;0.0
368;beta_7;0.0
369;beta_7;0.0
370;beta_7;0.0
371;beta_7;0.0
372;beta_7;0.0
373;beta_7;0.0
374;beta_7;0.0
375;beta_7;0.0
376;beta_7;0.0
377;beta_7;0.0
378;beta_7;0.0
379;beta_7;0.0
380;beta_7;0.0
381;beta_7;0.0
382;beta_7;0.0
383;beta_7;0.0
384;beta_7;0.0
385;beta_7;0.0
386;beta_7;0.0
387;beta_7;0.0
388;beta_7;0.0
389;beta_7;0.0
390;beta_7;0.0
391;beta_7;0.0
392;beta_7;0.0
393;beta_7;0.0
394;beta_7;0.0
395;beta_7;0.0
396;beta_7;0.0
397;beta_7;0.0
398;beta_7;0.0
399;beta_7;0.0
400;beta_8;0.0
401;beta_8;0.0
402;beta_8;0.0
403;beta_8;0.0
404;beta_8;0.0
405;beta_8;0.0
406;beta_8;0.0
407;beta_8;0.0
408;beta_8;0.0
409;beta_8;0.0
410;beta_8;0.0
411;beta_8;0.0
412;beta_8;0.0
413;beta_8;0.0
414;beta_8;0.0
415;beta_8;0.0
416;beta_8;0.0
417;beta_8;0.0
418;beta_8;0.0
419;beta_8;0.0
420;beta_8;0.0
421;beta_8;0.0
422;beta_8;0.0
423;beta_8;0.0
424;beta_8;0.0
425;beta_8;0.0
426;beta_8;0.0
427;beta_8;0.0
428;beta_8;0.0
429;beta_8;0.0
430;beta_8;0.0
431;beta_8;0.0
432;beta_8;0.0
433;beta_8;0.0
434;beta_8;0.0
435;beta_8;0.0
436;beta_8;0.0
437;beta_8;0.0
438;beta_8;0.0
439;beta_8;0.0
440;beta_8;0.0
441;beta_8;0.0
442;beta_8;0.0
443;beta_8;0.0
444;beta_8;0.0
445;beta_8;0.0
446;beta_8;0.0
447;beta_8;0.0
448;beta_8;0.0
449;beta_8;0.0
450;beta_9;0.0
451;beta_9;0.0
452;beta_9;0.0
453;beta_9;0.0
454;beta_9;0.0
455;beta_9;0.0
456;beta_9;0.0
457;beta_9;0.0
458;beta_9;0.0
459;beta_9;0.0
460;beta_9;0.0
461;beta_9;0.0
462;beta_9;0.0
463;beta_9;0.0
464;beta_9;0.0
465;beta_9;0.0
466;beta_9;0.0
467;beta_9;0.0
468;beta_9;0.0
469;beta_9;0.0
470;beta_9;0.0
471;beta_9;0.0
472;beta_9;0.0
473;beta_9;0.0
474;beta_9;0.0
475;beta_9;0.0
476;beta_9;0.0
477;beta_9;0.0
478;beta_9;0.0
479;beta_9;0.0
480;beta_9;0.0
481;beta_9;0.0
482;beta_9;0.0
483;beta_9;0.0
484;beta_9;0.0
485;beta_9;0.0
486;beta_9;0.0
487;beta_9;0.0
488;beta_9;0.0
489;beta_9;0.0
490;beta_9;0.0
491;beta_9;0.0
492;beta_9;0.0
493;beta_9;0.0
494;beta_9;0.0
495;beta_9;0.0
496;beta_9;0.0
497;beta_9;0.0
498;beta_9;0.0
499;beta_9;0.0
500;beta_10;0.0
501;beta_10;0.0
502;beta_10;0.0
503;beta_10;0.0
504;beta_10;0.0
505;beta_10;0.0
506;beta_10;0.0
507;beta_10;0.0
508;beta_10;0.0
509;beta_10;0.0
510;beta_10;0.0
511;beta_10;0.0
512;beta_10;0.0
513;beta_10;0.0
514;beta_10;0.0
515;beta_10;0.0
516;beta_10;0.0
517;beta_10;0.0
518;beta_10;0.0
519;beta_10;0.0
520;beta_10;0.0
521;beta_10;0.0
522;beta_10;0.0
523;beta_10;0.0
524;beta_10;0.0
525;beta_10;0.0
526;beta_10;0.0
527;beta_10;0.0
528;beta_10;0.0
529;beta_10;0.0
530;beta_10;0.0
531;beta_10;0.0
532;beta_10;0.0
533;beta_10;0.0
534;beta_10;0.0
535;beta_10;0.0
536;beta_10;0.0
537;beta_10;0.0
538;beta_10;0.0
539;beta_10;0.0
540;beta_10;0.0
541;beta_10;0.0
542;beta_10;0.0
543;beta_10;0.0
544;beta_10;0.0
545;beta_10;0.0
546;beta_10;0.0
547;beta_10;0.0
548;beta_10;0.0
549;beta_10;0.0
550;beta_11;0.0
551;beta_11;0.0
552;beta_11;0.0
553;beta_11;0.0
554;beta_11;0.0
555;beta_11;0.0
556;beta_11;0.0
557;beta_11;0.0
558;beta_11;0.0
559;beta_11;0.0
560;beta_11;0.0
561;beta_11;0.0
562;beta_11;0.0
563;beta_11;0.0
564;beta_11;0.0
565;beta_11;0.0
566;beta_11;0.0
567;beta_11;0.0
568;beta_11;0.0
569;beta_11;0.0
570;beta_11;0.0
571;beta_11;0.0
572;beta_11;0.0
573;beta_11;0.0
574;beta_11;0.0
575;beta_11;0.0
576;beta_11;0.0
577;beta_11;0.0
578;beta_11;0.0
579;beta_11;0.0
580;beta_11;0.0
581;beta_11;0.0
582;beta_11;0.0
583;beta_11;0.0
584;beta_11;0.0
585;beta_11;0.0
586;beta_11;0.0
587;beta_11;0.0
588;beta_11;0.0
589;beta_11;0.0
590;beta_11;0.0
591;beta_11;0.0
592;beta_11;0.0
593;beta_11;0.0
594;beta_11;0.0
595;beta_11;0.0
596;beta_11;0.0
597;beta_11;0.0
598;beta_11;0.0
599;beta_11;0.0
600;beta_12;0.0
601;beta_12;0.0
602;beta_12;0.0
603;beta_12;0.0
604;beta_12;0.0
605;beta_12;0.0
606;beta_12;0.0
607;beta_12;0.0
608;beta_12;0.0
609;beta_12;0.0
610;beta_12;0.0
611;beta_12;0.0
612;beta_12;0.0
613;beta_12;0.0
614;beta_12;0.0
615;beta_12;0.0
616;beta_12;0.0
617;beta_12;0.0
618;beta_12;0.0
619;beta_12;0.0
620;beta_12;0.0
621;beta_12;0.0
622;beta_12;0.0
623;beta_12;0.0
624;beta_12;0.0
625;beta_12;0.0
626;beta_12;0.0
627;beta_12;0.0
628;beta_12;0.0
629;beta_12;0.0
630;beta_12;0.0
631;beta_12;0.0
632;beta_12;0.0
633;beta_12;0.0
634;beta_12;0.0
635;beta_12;0.0
636;beta_12;0.0
637;beta_12;0.0
638;beta_12;0.0
639;beta_12;0.0
640;beta_12;0.0
641;beta_12;0.0
642;beta_12;0.0
643;beta_12;0.0
644;beta_12;0.0
645;beta_12;0.0
646;beta_12;0.0
647;beta_12;0.0
648;beta_12;0.0
649;beta_12;0.0
650;beta_13;0.0
651;beta_13;0.0
652;beta_13;0.0
653;beta_13;0.0
654;beta_13;0.0
655;beta_13;0.0
656;beta_13;0.0
657;beta_13;0.0
658;beta_13;0.0
659;beta_13;0.0
660;beta_13;0.0
661;beta_13;0.0
662;beta_13;0.0
663;beta_13;0.0
664;beta_13;0.0
665;beta_13;0.0
666;beta_13;0.0
667;beta_13;0.0
668;beta_13;0.0
669;beta_13;0.0
670;beta_13;0.0
671;beta_13;0.0
672;beta_13;0.0
673;beta_13;0.0
674;beta_13;0.0
675;beta_13;0.0
676;beta_13;0.0
677;beta_13;0.0
678;beta_13;0.0
679;beta_13;0.0
680;beta_13;0.0
681;beta_13;0.0
682;beta_13;0.0
683;beta_13;0.0
684;beta_13;0.0
685;beta_13;0.0
686;beta_13;0.0
687;beta_13;0.0
688;beta_13;0.0
689;beta_13;0.0
690;beta_13;0.0
691;beta_13;0.0
692;beta_13;0.0
693;beta_13;0.0
694;beta_13;0.0
695;beta_13;0.0
696;beta_13;0.0
697;beta_13;0.0
698;beta_13;0.0
699;beta_13;0.0
700;beta_14;0.0
701;beta_14;0.0
702;beta_14;0.0
703;beta_14;0.0
704;beta_14;0.0
705;beta_14;0.0
706;beta_14;0.0
707;beta_14;0.0
708;beta_14;0.0
709;beta_14;0.0
710;beta_14;0.0
711;beta_14;0.0
712;beta_14;0.0
713;beta_14;0.0
714;beta_14;0.0
715;beta_14;0.0
716;beta_14;0.0
717;beta_14;0.0
718;beta_14;0.0
719;beta_14;0.0
720;beta_14;0.0
721;beta_14;0.0
722;beta_14;0.0
723;beta_14;0.0
724;beta_14;0.0
725;beta_14;0.0
726;beta_14;0.0
727;beta_14;0.0
728;beta_14;0.0
729;beta_14;0.0
730;beta_14;0.0
731;beta_14;0.0
732;beta_14;0.0
733;beta_14;0.0
734;beta_14;0.0
735;beta_14;0.0
736;beta_14;0.0
737;beta_14;0.0
738;beta_14;0.0
739;beta_14;0.0
740;beta_14;0.0
741;beta_14;0.0
742;beta_14;0.0
743;beta_14;0.0
744;beta_14;0.0
745;beta_14;0.0
746;beta_14;0.0
747;beta_14;0.0
748;beta_14;0.0
749;beta_14;0.0
750;beta_15;0.0
751;beta_15;0.0
752;beta_15;0.0
753;beta_15;0.0
754;beta_15;0.0
755;beta_15;0.0
756;beta_15;0.0
757;beta_15;0.0
758;beta_15;0.0
759;beta_15;0.0
760;beta_15;0.0
761;beta_15;0.0
762;beta_15;0.0
763;beta_15;0.0
764;beta_15;0.0
765;beta_15;0.0
766;beta_15;0.0
767;beta_15;0.0
768;beta_15;0.0
769;beta_15;0.0
770;beta_15;0.0
771;beta_15;0.0
772;beta_15;0.0
773;beta_15;0.0
774;beta_15;0.0
775;beta_15;0.0
776;beta_15;0.0
777;beta_15;0.0
778;beta_15;0.0
779;beta_15;0.0
780;beta_15;0.0
781;beta_15;0.0
782;beta_15;0.0
783;beta_15;0.0
784;beta_15;0.0
785;beta_15;0.0
786;beta_15;0.0
787;beta_15;0.0
788;beta_15;0.0
789;beta_15;0.0
790;beta_15;0.0
791;beta_15;0.0
792;beta_15;0.0
793;beta_15;0.0
794;beta_15;0.0
795;beta_15;0.0
796;beta_15;0.0
797;beta_15;0.0
798;beta_15;0.0
799;beta_15;0.0
800;beta_16;0.0
801;beta_16;0.0
802;beta_16;0.0
803;beta_16;0.0
804;beta_16;0.0
805;beta_16;0.0
806;beta_16;0.0
807;beta_16;0.0
808;beta_16;0.0
809;beta_16;0.0
810;beta_16;0.0
811;beta_16;0.0
812;beta_16;0.0
813;beta_16;0.0
814;beta_16;0.0
815;beta_16;0.0
816;beta_16;0.0
817;beta_16;0.0
818;beta_16;0.0
819;beta_16;0.0
820;beta_16;0.0
821;beta_16;0.0
822;beta_16;0.0
823;beta_16;0.0
824;beta_16;0.0
825;beta_16;0.0
826;beta_16;0.0
827;beta_16;0.0
828;beta_16;0.0
829;beta_16;0.0
830;beta_16;0.0
831;beta_16;0.0
832;beta_16;0.0
833;beta_16;0.0
834;beta_16;0.0
835;beta_16;0.0
836;beta_16;0.0
837;beta_16;0.0
838;beta_16;0.0
839;beta_16;0.0
840;beta_16;0.0
841;beta_16;0.0
842;beta_16;0.0
843;beta_16;0.0
844;beta_16;0.0
845;beta_16;0.0
846;beta_16;0.0
847;beta_16;0.0
848;beta_16;0.0
849;beta_16;0.0
850;beta_17;0.0
851;beta_17;0.0
852;beta_17;0.0
853;beta_17;0.0
854;beta_17;0.0
855;beta_17;0.0
856;beta_17;0.0
857;beta_17;0.0
858;beta_17;0.0
859;beta_17;0.0
860;beta_17;0.0
861;beta_17;0.0
862;beta_17;0.0
863;beta_17;0.0
864;beta_17;0.0
865;beta_17;0.0
866;beta_17;0.0
867;beta_17;0.0
868;beta_17;0.0
869;beta_17;0.0
870;beta_17;0.0
871;beta_17;0.0
872;beta_17;0.0
873;beta_17;0.0
874;beta_17;0.0
875;beta_17;0.0
876;beta_17;0.0
877;beta_17;0.0
878;beta_17;0.0
879;beta_17;0.0
880;beta_17;0.0
881;beta_17;0.0
882;beta_17;0.0
883;beta_17;0.0
884;beta_17;0.0
885;beta_17;0.0
886;beta_17;0.0
887;beta_17;0.0
888;beta_17;0.0
889;beta_17;0.0
890;beta_17;0.0
891;beta_17;0.0
892;beta_17;0.0
893;beta_17;0.0
894;beta_17;0.0
895;beta_17;0.0
896;beta_17;0.0
897;beta_17;0.0
898;beta_17;0.0
899;beta_17;0.0
900;beta_18;0.0
901;beta_18;0.0
902;beta_18;0.0
903;beta_18;0.0
904;beta_18;0.0
905;beta_18;0.0
906;beta_18;0.0
907;beta_18;0.0
908;beta_18;0.0
909;beta_18;0.0
910;beta_18;0.0
911;beta_18;0.0
912;beta_18;0.0
913;beta_18;0.0
914;beta_18;0.0
915;beta_18;0.0
916;beta_18;0.0
917;beta_18;0.0
918;beta_18;0.0
919;beta_18;0.0
920;beta_18;0.0
921;beta_18;0.0
922;beta_18;0.0
923;beta_18;0.0
924;beta_18;0.0
925;beta_18;0.0
926;beta_18;0.0
927;beta_18;0.0
928;beta_18;0.0
929;beta_18;0.0
930;beta_18;0.0
931;beta_18;0.0
932;beta_18;0.0
933;beta_18;0.0
934;beta_18;0.0
935;beta_18;0.0
936;beta_18;0.0
937;beta_18;0.0
938;beta_18;0.0
939;beta_18;0.0
940;beta_18;0.0
941;beta_18;0.0
942;beta_18;0.0
943;beta_18;0.0
944;beta_18;0.0
945;beta_18;0.0
946;beta_18;0.0
947;beta_18;0.0
948;beta_18;0.0
949;beta_18;0.0
950;beta_19;0.0
951;beta_19;0.0
952;beta_19;0.0
953;beta_19;0.0
954;beta_19;0.0
955;beta_19;0.0
956;beta_19;0.0
957;beta_19;0.0
958;beta_19;0.0
959;beta_19;0.0
960;beta_19;0.0
961;beta_19;0.0
962;beta_19;0.0
963;beta_19;0.0
964;beta_19;0.0
965;beta_19;0.0
966;beta_19;0.0
967;beta_19;0.0
968;beta_19;0.0
969;beta_19;0.0
970;beta_19;0.0
971;beta_19;0.0
972;beta_19;0.0
973;beta_19;0.0
974;beta_19;0.0
975;beta_19;0.0
976;beta_19;0.0
977;beta_19;0.0
978;beta_19;0.0
979;beta_19;0.0
980;beta_19;0.0
981;beta_19;0.0
982;beta_19;0.0
983;beta_19;0.0
984;beta_19;0.0
985;beta_19;0.0
986;beta_19;0.0
987;beta_19;0.0
988;beta_19;0.0
989;beta_19;0.0
990;beta_19;0.0
991;beta_19;0.0
992;beta_19;0.0
993;beta_19;0.0
994;beta_19;0.0
995;beta_19;0.0
996;beta_19;0.0
997;beta_19;0.0
998;beta_19;0.0
999;beta_19;0.0
1000;beta_20;0.0
1001;beta_20;0.0
1002;beta_20;0.0
1003;beta_20;0.0
1004;beta_20;0.0
1005;beta_20;0.0
1006;beta_20;0.0
1007;beta_20;0.0
1008;beta_20;0.0
1009;beta_20;0.0
1010;beta_20;0.0
1011;beta_20;0.0
1012;beta_20;0.0
1013;beta_20;0.0
1014;beta_20;0.0
1015;beta_20;0.0
1016;beta_20;0.0
1017;beta_20;0.0
1018;beta_20;0.0
1019;beta_20;0.0
1020;beta_20;0.0
1021;beta_20;0.0
1022;beta_20;0.0
1023;beta_20;0.0
1024;beta_20;0.0
1025;beta_20;0.0
1026;beta_20;0.0
1027;beta_20;0.0
1028;beta_20;0.0
1029;beta_20;0.0
1030;beta_20;0.0
1031;beta_20;0.0
1032;beta_20;0.0
1033;beta_20;0.0
1034;beta_20;0.0
1035;beta_20;0.0
1036;beta_20;0.0
1037;beta_20;0.0
1038;beta_20;0.0
1039;beta_20;0.0
1040;beta_20;0.0
1041;beta_20;0.0
1042;beta_20;0.0
1043;beta_20;0.0
1044;beta_20;0.0
1045;beta_20;0.0
1046;beta_20;0.0
1047;beta_20;0.0
1048;beta_20;0.0
1049;beta_20;0.0
1050;beta_21;0.0
1051;beta_21;0.0
1052;beta_21;0.0
1053;beta_21;0.0
1054;beta_21;0.0
1055;beta_21;0.0
1056;beta_21;0.0
1057;beta_21;0.0
1058;beta_21;0.0
1059;beta_21;0.0
1060;beta_21;0.0
1061;beta_21;0.0
1062;beta_21;0.0
1063;beta_21;0.0
1064;beta_21;0.0
1065;beta_21;0.0
1066;beta_21;0.0
1067;beta_21;0.0
1068;beta_21;0.0
1069;beta_21;0.0
1070;beta_21;0.0
1071;beta_21;0.0
1072;beta_21;0.0
1073;beta_21;0.0
1074;beta_21;0.0
1075;beta_21;0.0
1076;beta_21;0.0
1077;beta_21;0.0
1078;beta_21;0.0
1079;beta_21;0.0
1080;beta_21;0.0
1081;beta_21;0.0
1082;beta_21;0.0
1083;beta_21;0.0
1084;beta_21;0.0
1085;beta_21;0.0
1086;beta_21;0.0
1087;beta_21;0.0
1088;beta_21;0.0
1089;beta_21;0.0
1090;beta_21;0.0
1091;beta_21;0.0
1092;beta_21;0.0
1093;beta_21;0.0
1094;beta_21;0.0
1095;beta_21;0.0
1096;beta_21;0.0
1097;beta_21;0.0
1098;beta_21;0.0
1099;beta_21;0.0
1100;beta_22;0.0
1101;beta_22;0.0
1102;beta_22;0.0
1103;beta_22;0.0
1104;beta_22;0.0
1105;beta_22;0.0
1106;beta_22;0.0
1107;beta_22;0.0
1108;beta_22;0.0
1109;beta_22;0.0
1110;beta_22;0.0
1111;beta_22;0.0
1112;beta_22;0.0
1113;beta_22;0.0
1114;beta_22;0.0
1115;beta_22;0.0
1116;beta_22;0.0
1117;beta_22;0.0
1118;beta_22;0.0
1119;beta_22;0.0
1120;beta_22;0.0
1121;beta_22;0.0
1122;beta_22;0.0
1123;beta_22;0.0
1124;beta_22;0.0
1125;beta_22;0.0
1126;beta_22;0.0
1127;beta_22;0.0
1128;beta_22;0.0
1129;beta_22;0.0
1130;beta_22;0.0
1131;beta_22;0.0
1132;beta_22;0.0
1133;beta_22;0.0
1134;beta_22;0.0
1135;beta_22;0.0
1136;beta_22;0.0
1137;beta_22;0.0
1138;beta_22;0.0
1139;beta_22;0.0
1140;beta_22;0.0
1141;beta_22;0.0
1142;beta_22;0.0
1143;beta_22;0.0
1144;beta_22;0.0
1145;beta_22;0.0
1146;beta_22;0.0
1147;beta_22;0.0
1148;beta_22;0.0
1149;beta_22;0.0
1150;beta_23;0.0
1151;beta_23;0.0
1152;beta_23;0.0
1153;beta_23;0.0
1154;beta_23;0.0
1155;beta_23;0.0
1156;beta_23;0.0
1157;beta_23;0.0
1158;beta_23;0.0
1159;beta_23;0.0
1160;beta_23;0.0
1161;beta_23;0.0
1162;beta_23;0.0
1163;beta_23;0.0
1164;beta_23;0.0
1165;beta_23;0.0
1166;beta_23;0.0
1167;beta_23;0.0
1168;beta_23;0.0
1169;beta_23;0.0
1170;beta_23;0.0
1171;beta_23;0.0
1172;beta_23;0.0
1173;beta_23;0.0
1174;beta_23;0.0
1175;beta_23;0.0
1176;beta_23;0.0
1177;beta_23;0.0
1178;beta_23;0.0
1179;beta_23;0.0
1180;beta_23;0.0
1181;beta_23;0.0
1182;beta_23;0.0
1183;beta_23;0.0
1184;beta_23;0.0
1185;beta_23;0.0
1186;beta_23;0.0
1187;beta_23;0.0
1188;beta_23;0.0
1189;beta_23;0.0
1190;beta_23;0.0
1191;beta_23;0.0
1192;beta_23;0.0
1193;beta_23;0.0
1194;beta_23;0.0
1195;beta_23;0.0
1196;beta_23;0.0
1197;beta_23;0.0
1198;beta_23;0.0
1199;beta_23;0.0
1200;beta_24;0.0
1201;beta_24;0.0
1202;beta_24;0.0
1203;beta_24;0.0
1204;beta_24;0.0
1205;beta_24;0.0
1206;beta_24;0.0
1207;beta_24;0.0
1208;beta_24;0.0
1209;beta_24;0.0
1210;beta_24;0.0
1211;beta_24;0.0
1212;beta_24;0.0
1213;beta_24;0.0
1214;beta_24;0.0
1215;beta_24;0.0
1216;beta_24;0.0
1217;beta_24;0.0
1218;beta_24;0.0
1219;beta_24;0.0
1220;beta_24;0.0
1221;beta_24;0.0
1222;beta_24;0.0
1223;beta_24;0.0
1224;beta_24;0.0
1225;beta_24;0.0
1226;beta_24;0.0
1227;beta_24;0.0
1228;beta_24;0.0
1229;beta_24;0.0
1230;beta_24;0.0
1231;beta_24;0.0
1232;beta_24;0.0
1233;beta_24;0.0
1234;beta_24;0.0
1235;beta_24;0.0
1236;beta_24;0.0
1237;beta_24;0.0
1238;beta_24;0.0
1239;beta_24;0.0
1240;beta_24;0.0
1241;beta_24;0.0
1242;beta_24;0.0
1243;beta_24;0.0
1244;beta_24;0.0
1245;beta_24;0.0
1246;beta_24;0.0
1247;beta_24;0.0
1248;beta_24;0.0
1249;beta_24;0.0
1250;beta_25;0.0
1251;beta_25;0.0
1252;beta_25;0.0
1253;beta_25;0.0
1254;beta_25;0.0
1255;beta_25;0.0
1256;beta_25;0.0
1257;beta_25;0.0
1258;beta_25;0.0
1259;beta_25;0.0
1260;beta_25;0.0
1261;beta_25;0.0
1262;beta_25;0.0
1263;beta_25;0.0
1264;beta_25;0.0
1265;beta_25;0.0
1266;beta_25;0.0
1267;beta_25;0.0
1268;beta_25;0.0
1269;beta_25;0.0
1270;beta_25;0.0
1271;beta_25;0.0
1272;beta_25;0.0
1273;beta_25;0.0
1274;beta_25;0.0
1275;beta_25;0.0
1276;beta_25;0.0
1277;beta_25;0.0
1278;beta_25;0.0
1279;beta_25;0.0
1280;beta_25;0.0
1281;beta_25;0.0
1282;beta_25;0.0
1283;beta_25;0.0
1284;beta_25;0.0
1285;beta_25;0.0
1286;beta_25;0.0
1287;beta_25;0.0
1288;beta_25;0.0
1289;beta_25;0.0
1290;beta_25;0.0
1291;beta_25;0.0
1292;beta_25;0.0
1293;beta_25;0.0
1294;beta_25;0.0
1295;beta_25;0.0
1296;beta_25;0.0
1297;beta_25;0.0
1298;beta_25;0.0
1299;beta_25;0.0
1300;beta_26;0.0
1301;beta_26;0.0
1302;beta_26;0.0
1303;beta_26;0.0
1304;beta_26;0.0
1305;beta_26;0.0
1306;beta_26;0.0
1307;beta_26;0.0
1308;beta_26;0.0
1309;beta_26;0.0
1310;beta_26;0.0
1311;beta_26;0.0
1312;beta_26;0.0
1313;beta_26;0.0
1314;beta_26;0.0
1315;beta_26;0.0
1316;beta_26;0.0
1317;beta_26;0.0
1318;beta_26;0.0
1319;beta_26;0.0
1320;beta_26;0.0
1321;beta_26;0.0
1322;beta_26;0.0
1323;beta_26;0.0
1324;beta_26;0.0
1325;beta_26;0.0
1326;beta_26;0.0
1327;beta_26;0.0
1328;beta_26;0.0
1329;beta_26;0.0
1330;beta_26;0.0
1331;beta_26;0.0
1332;beta_26;0.0
1333;beta_26;0.0
1334;beta_26;0.0
1335;beta_26;0.0
1336;beta_26;0.0
1337;beta_26;0.0
1338;beta_26;0.0
1339;beta_26;0.0
1340;beta_26;0.0
1341;beta_26;0.0
1342;beta_26;0.0
1343;beta_26;0.0
1344;beta_26;0.0
1345;beta_26;0.0
1346;beta_26;0.0
1347;beta_26;0.0
1348;beta_26;0.0
1349;beta_26;0.0
1350;beta_27;0.0
1351;beta_27;0.0
1352;beta_27;0.0
1353;beta_27;0.0
1354;beta_27;0.0
1355;beta_27;0.0
1356;beta_27;0.0
1357;beta_27;0.0
1358;beta_27;0.0
1359;beta_27;0.0
1360;beta_27;0.0
1361;beta_27;0.0
1362;beta_27;0.0
1363;beta_27;0.0
1364;beta_27;0.0
1365;beta_27;0.0
1366;beta_27;0.0
1367;beta_27;0.0
1368;beta_27;0.0
1369;beta_27;0.0
1370;beta_27;0.0
1371;beta_27;0.0
1372;beta_27;0.0
1373;beta_27;0.0
1374;beta_27;0.0
1375;beta_27;0.0
1376;beta_27;0.0
1377;beta_27;0.0
1378;beta_27;0.0
1379;beta_27;0.0
1380;beta_27;0.0
1381;beta_27;0.0
1382;beta_27;0.0
1383;beta_27;0.0
1384;beta_27;0.0
1385;beta_27;0.0
1386;beta_27;0.0
1387;beta_27;0.0
1388;beta_27;0.0
1389;beta_27;0.0
1390;beta_27;0.0
1391;beta_27;0.0
1392;beta_27;0.0
1393;beta_27;0.0
1394;beta_27;0.0
1395;beta_27;0.0
1396;beta_27;0.0
1397;beta_27;0.0
1398;beta_27;0.0
1399;beta_27;0.0
1400;beta_28;0.0
1401;beta_28;0.0
1402;beta_28;0.0
1403;beta_28;0.0
1404;beta_28;0.0
1405;beta_28;0.0
1406;beta_28;0.0
1407;beta_28;0.0
1408;beta_28;0.0
1409;beta_28;0.0
1410;beta_28;0.0
1411;beta_28;0.0
1412;beta_28;0.0
1413;beta_28;0.0
1414;beta_28;0.0
1415;beta_28;0.0
1416;beta_28;0.0
1417;beta_28;0.0
1418;beta_28;0.0
1419;beta_28;0.0
1420;beta_28;0.0
1421;beta_28;0.0
1422;beta_28;0.0
1423;beta_28;0.0
1424;beta_28;0.0
1425;beta_28;0.0
1426;beta_28;0.0
1427;beta_28;0.0
1428;beta_28;0.0
1429;beta_28;0.0
1430;beta_28;0.0
1431;beta_28;0.0
1432;beta_28;0.0
1433;beta_28;0.0
1434;beta_28;0.0
1435;beta_28;0.0
1436;beta_28;0.0
1437;beta_28;0.0
1438;beta_28;0.0
1439;beta_28;0.0
1440;beta_28;0.0
1441;beta_28;0.0
1442;beta_28;0.0
1443;beta_28;0.0
1444;beta_28;0.0
1445;beta_28;0.0
1446;beta_28;0.0
1447;beta_28;0.0
1448;beta_28;0.0
1449;beta_28;0.0
1450;beta_29;0.0
1451;beta_29;0.0
1452;beta_29;0.0
1453;beta_29;0.0
1454;beta_29;0.0
1455;beta_29;0.0
1456;beta_29;0.0
1457;beta_29;0.0
1458;beta_29;0.0
1459;beta_29;0.0
1460;beta_29;0.0
1461;beta_29;0.0
1462;beta_29;0.0
1463;beta_29;0.0
1464;beta_29;0.0
1465;beta_29;0.0
1466;beta_29;0.0
1467;beta_29;0.0
1468;beta_29;0.0
1469;beta_29;0.0
1470;beta_29;0.0
1471;beta_29;0.0
1472;beta_29;0.0
1473;beta_29;0.0
1474;beta_29;0.0
1475;beta_29;0.0
1476;beta_29;0.0
1477;beta_29;0.0
1478;beta_29;0.0
1479;beta_29;0.0
1480;beta_29;0.0
1481;beta_29;0.0
1482;beta_29;0.0
1483;beta_29;0.0
1484;beta_29;0.0
1485;beta_29;0.0
1486;beta_29;0.0
1487;beta_29;0.0
1488;beta_29;0.0
1489;beta_29;0.0
1490;beta_29;0.0
1491;beta_29;0.0
1492;beta_29;0.0
1493;beta_29;0.0
1494;beta_29;0.0
1495;beta_29;0.0
1496;beta_29;0.0
1497;beta_29;0.0
1498;beta_29;0.0
1499;beta_29;0.0
1500;beta_30;0.0
1501;beta_30;0.0
1502;beta_30;0.0
1503;beta_30;0.0
1504;beta_30;0.0
1505;beta_30;0.0
1506;beta_30;0.0
1507;beta_30;0.0
1508;beta_30;0.0
1509;beta_30;0.0
1510;beta_30;0.0
1511;beta_30;0.0
1512;beta_30;0.0
1513;beta_30;0.0
1514;beta_30;0.0
1515;beta_30;0.0
1516;beta_30;0.0
1517;beta_30;0.0
1518;beta_30;0.0
1519;beta_30;0.0
1520;beta_30;0.0
1521;beta_30;0.0
1522;beta_30;0.0
1523;beta_30;0.0
1524;beta_30;0.0
1525;beta_30;0.0
1526;beta_30;0.0
1527;beta_30;0.0
1528;beta_30;0.0
1529;beta_30;0.0
1530;beta_30;0.0
1531;beta_30;0.0
1532;beta_30;0.0
1533;beta_30;0.0
1534;beta_30;0.0
1535;beta_30;0.0
1536;beta_30;0.0
1537;beta_30;0.0
1538;beta_30;0.0
1539;beta_30;0.0
1540;beta_30;0.0
1541;beta_30;0.0
1542;beta_30;0.0
1543;beta_30;0.0
1544;beta_30;0.0
1545;beta_30;0.0
1546;beta_30;0.0
1547;beta_30;0.0
1548;beta_30;0.0
1549;beta_30;0.0
1550;beta_31;0.0
1551;beta_31;0.0
1552;beta_31;0.0
1553;beta_31;0.0
1554;beta_31;0.0
1555;beta_31;0.0
1556;beta_31;0.0
1557;beta_31;0.0
1558;beta_31;0.0
1559;beta_31;0.0
1560;beta_31;0.0
1561;beta_31;0.0
1562;beta_31;0.0
1563;beta_31;0.0
1564;beta_31;0.0
1565;beta_31;0.0
1566;beta_31;0.0
1567;beta_31;0.0
1568;beta_31;0.0
1569;beta_31;0.0
1570;beta_31;0.0
1571;beta_31;0.0
1572;beta_31;0.0
1573;beta_31;0.0
1574;beta_31;0.0
1575;beta_31;0.0
1576;beta_31;0.0
1577;beta_31;0.0
1578;beta_31;0.0
1579;beta_31;0.0
1580;beta_31;0.0
1581;beta_31;0.0
1582;beta_31;0.0
1583;beta_31;0.0
1584;beta_31;0.0
1585;beta_31;0.0
1586;beta_31;0.0
1587;beta_31;0.0
1588;beta_31;0.0
1589;beta_31;0.0
1590;beta_31;0.0
1591;beta_31;0.0
1592;beta_31;0.0
1593;beta_31;0.0
1594;beta_31;0.0
1595;beta_31;0.0
1596;beta_31;0.0
1597;beta_31;0.0
1598;beta_31;0.0
1599;beta_31;0.0
1600;beta_32;0.0
1601;beta_32;0.0
1602;beta_32;0.0
1603;beta_32;0.0
1604;beta_32;0.0
1605;beta_32;0.0
1606;beta_32;0.0
1607;beta_32;0.0
1608;beta_32;0.0
1609;beta_32;0.0
1610;beta_32;0.0
1611;beta_32;0.0
1612;beta_32;0.0
1613;beta_32;0.0
1614;beta_32;0.0
1615;beta_32;0.0
1616;beta_32;0.0
1617;beta_32;0.0
1618;beta_32;0.0
1619;beta_32;0.0
1620;beta_32;0.0
1621;beta_32;0.0
1622;beta_32;0.0
1623;beta_32;0.0
1624;beta_32;0.0
1625;beta_32;0.0
1626;beta_32;0.0
1627;beta_32;0.0
1628;beta_32;0.0
1629;beta_32;0.0
1630;beta_32;0.0
1631;beta_32;0.0
1632;beta_32;0.0
1633;beta_32;0.0
1634;beta_32;0.0
1635;beta_32;0.0
1636;beta_32;0.0
1637;beta_32;0.0
1638;beta_32;0.0
1639;beta_32;0.0
1640;beta_32;0.0
1641;beta_32;0.0
1642;beta_32;0.0
1643;beta_32;0.0
1644;beta_32;0.0
1645;beta_32;0.0
1646;beta_32;0.0
1647;beta_32;0.0
1648;beta_32;0.0
1649;beta_32;0.0
1650;beta_33;0.0
1651;beta_33;0.0
1652;beta_33;0.0
1653;beta_33;0.0
1654;beta_33;0.0
1655;beta_33;0.0
1656;beta_33;0.0
1657;beta_33;0.0
1658;beta_33;0.0
1659;beta_33;0.0
1660;beta_33;0.0
1661;beta_33;0.0
1662;beta_33;0.0
1663;beta_33;0.0
1664;beta_33;0.0
1665;beta_33;0.0
1666;beta_33;0.0
1667;beta_33;0.0
1668;beta_33;0.0
1669;beta_33;0.0
1670;beta_33;0.0
1671;beta_33;0.0
1672;beta_33;0.0
1673;beta_33;0.0
1674;beta_33;0.0
1675;beta_33;0.0
1676;beta_33;0.0
1677;beta_33;0.0
1678;beta_33;0.0
1679;beta_33;0.0
1680;beta_33;0.0
1681;beta_33;0.0
1682;beta_33;0.0
1683;beta_33;0.0
1684;beta_33;0.0
1685;beta_33;0.0
1686;beta_33;0.0
1687;beta_33;0.0
1688;beta_33;0.0
1689;beta_33;0.0
1690;beta_33;0.0
1691;beta_33;0.0
1692;beta_33;0.0
1693;beta_33;0.0
1694;beta_33;0.0
1695;beta_33;0.0
1696;beta_33;0.0
1697;beta_33;0.0
1698;beta_33;0.0
1699;beta_33;0.0
1700;beta_34;0.0
1701;beta_34;0.0
1702;beta_34;0.0
1703;beta_34;0.0
1704;beta_34;0.0
1705;beta_34;0.0
1706;beta_34;0.0
1707;beta_34;0.0
1708;beta_34;0.0
1709;beta_34;0.0
1710;beta_34;0.0
1711;beta_34;0.0
1712;beta_34;0.0
1713;beta_34;0.0
1714;beta_34;0.0
1715;beta_34;0.0
1716;beta_34;0.0
1717;beta_34;0.0
1718;beta_34;0.0
1719;beta_34;0.0
1720;beta_34;0.0
1721;beta_34;0.0
1722;beta_34;0.0
1723;beta_34;0.0
1724;beta_34;0.0
1725;beta_34;0.0
1726;beta_34;0.0
1727;beta_34;0.0
1728;beta_34;0.0
1729;beta_34;0.0
1730;beta_34;0.0
1731;beta_34;0.0
1732;beta_34;0.0
1733;beta_34;0.0
1734;beta_34;0.0
1735;beta_34;0.0
1736;beta_34;0.0
1737;beta_34;0.0
1738;beta_34;0.0
1739;beta_34;0.0
1740;beta_34;0.0
1741;beta_34;0.0
1742;beta_34;0.0
1743;beta_34;0.0
1744;beta_34;0.0
1745;beta_34;0.0
1746;beta_34;0.0
1747;beta_34;0.0
1748;beta_34;0.0
1749;beta_34;0.0
1750;beta_35;0.0
1751;beta_35;0.0
1752;beta_35;0.0
1753;beta_35;0.0
1754;beta_35;0.0
1755;beta_35;0.0
1756;beta_35;0.0
1757;beta_35;0.0
1758;beta_35;0.0
1759;beta_35;0.0
1760;beta_35;0.0
1761;beta_35;0.0
1762;beta_35;0.0
1763;beta_35;0.0
1764;beta_35;0.0
1765;beta_35;0.0
1766;beta_35;0.0
1767;beta_35;0.0
1768;beta_35;0.0
1769;beta_35;0.0
1770;beta_35;0.0
1771;beta_35;0.0
1772;beta_35;0.0
1773;beta_35;0.0
1774;beta_35;0.0
1775;beta_35;0.0
1776;beta_35;0.0
1777;beta_35;0.0
1778;beta_35;0.0
1779;beta_35;0.0
1780;beta_35;0.0
1781;beta_35;0.0
1782;beta_35;0.0
1783;beta_35;0.0
1784;beta_35;0.0
1785;beta_35;0.0
1786;beta_35;0.0
1787;beta_35;0.0
1788;beta_35;0.0
1789;beta_35;0.0
1790;beta_35;0.0
1791;beta_35;0.0
1792;beta_35;0.0
1793;beta_35;0.0
1794;beta_35;0.0
1795;beta_35;0.0
1796;beta_35;0.0
1797;beta_35;0.0
1798;beta_35;0.0
1799;beta_35;0.0
1800;beta_36;0.0
1801;beta_36;0.0
1802;beta_36;0.0
1803;beta_36;0.0
1804;beta_36;0.0
1805;beta_36;0.0
1806;beta_36;0.0
1807;beta_36;0.0
1808;beta_36;0.0
1809;beta_36;0.0
1810;beta_36;0.0
1811;beta_36;0.0
1812;beta_36;0.0
1813;beta_36;0.0
1814;beta_36;0.0
1815;beta_36;0.0
1816;beta_36;0.0
1817;beta_36;0.0
1818;beta_36;0.0
1819;beta_36;0.0
1820;beta_36;0.0
1821;beta_36;0.0
1822;beta_36;0.0
1823;beta_36;0.0
1824;beta_36;0.0
1825;beta_36;0.0
1826;beta_36;0.0
1827;beta_36;0.0
1828;beta_36;0.0
1829;beta_36;0.0
1830;beta_36;0.0
1831;beta_36;0.0
1832;beta_36;0.0
1833;beta_36;0.0
1834;beta_36;0.0
1835;beta_36;0.0
1836;beta_36;0.0
1837;beta_36;0.0
1838;beta_36;0.0
1839;beta_36;0.0
1840;beta_36;0.0
1841;beta_36;0.0
1842;beta_36;0.0
1843;beta_36;0.0
1844;beta_36;0.0
1845;beta_36;0.0
1846;beta_36;0.0
1847;beta_36;0.0
1848;beta_36;0.0
1849;beta_36;0.0
1850;beta_37;0.0
1851;beta_37;0.0
1852;beta_37;0.0
1853;beta_37;0.0
1854;beta_37;0.0
1855;beta_37;0.0
1856;beta_37;0.0
1857;beta_37;0.0
1858;beta_37;0.0
1859;beta_37;0.0
1860;beta_37;0.0
1861;beta_37;0.0
1862;beta_37;0.0
1863;beta_37;0.0
1864;beta_37;0.0
1865;beta_37;0.0
1866;beta_37;0.0
1867;beta_37;0.0
1868;beta_37;0.0
1869;beta_37;0.0
1870;beta_37;0.0
1871;beta_37;0.0
1872;beta_37;0.0
1873;beta_37;0.0
1874;beta_37;0.0
1875;beta_37;0.0
1876;beta_37;0.0
1877;beta_37;0.0
1878;beta_37;0.0
1879;beta_37;0.0
1880;beta_37;0.0
1881;beta_37;0.0
1882;beta_37;0.0
1883;beta_37;0.0
1884;beta_37;0.0
1885;beta_37;0.0
1886;beta_37;0.0
1887;beta_37;0.0
1888;beta_37;0.0
1889;beta_37;0.0
1890;beta_37;0.0
1891;beta_37;0.0
1892;beta_37;0.0
1893;beta_37;0.0
1894;beta_37;0.0
1895;beta_37;0.0
1896;beta_37;0.0
1897;beta_37;0.0
1898;beta_37;0.0
1899;beta_37;0.0
1900;beta_38;0.0
1901;beta_38;0.0
1902;beta_38;0.0
1903;beta_38;0.0
1904;beta_38;0.0
1905;beta_38;0.0
1906;beta_38;0.0
1907;beta_38;0.0
1908;beta_38;0.0
1909;beta_38;0.0
1910;beta_38;0.0
1911;beta_38;0.0
1912;beta_38;0.0
1913;beta_38;0.0
1914;beta_38;0.0
1915;beta_38;0.0
1916;beta_38;0.0
1917;beta_38;0.0
1918;beta_38;0.0
1919;beta_38;0.0
1920;beta_38;0.0
1921;beta_38;0.0
1922;beta_38;0.0
1923;beta_38;0.0
1924;beta_38;0.0
1925;beta_38;0.0
1926;beta_38;0.0
1927;beta_38;0.0
1928;beta_38;0.0
1929;beta_38;0.0
1930;beta_38;0.0
1931;beta_38;0.0
1932;beta_38;0.0
1933;beta_38;0.0
1934;beta_38;0.0
1935;beta_38;0.0
1936;beta_38;0.0
1937;beta_38;0.0
1938;beta_38;0.0
1939;beta_38;0.0
1940;beta_38;0.0
1941;beta_38;0.0
1942;beta_38;0.0
1943;beta_38;0.0
1944;beta_38;0.0
1945;beta_38;0.0
1946;beta_38;0.0
1947;beta_38;0.0
1948;beta_38;0.0
1949;beta_38;0.0
1950;beta_39;0.0
1951;beta_39;0.0
1952;beta_39;0.0
1953;beta_39;0.0
1954;beta_39;0.0
1955;beta_39;0.0
1956;beta_39;0.0
1957;beta_39;0.0
1958;beta_39;0.0
1959;beta_39;0.0
1960;beta_39;0.0
1961;beta_39;0.0
1962;beta_39;0.0
1963;beta_39;0.0
1964;beta_39;0.0
1965;beta_39;0.0
1966;beta_39;0.0
1967;beta_39;0.0
1968;beta_39;0.0
1969;beta_39;0.0
1970;beta_39;0.0
1971;beta_39;0.0
1972;beta_39;0.0
1973;beta_39;0.0
1974;beta_39;0.0
1975;beta_39;0.0
1976;beta_39;0.0
1977;beta_39;0.0
1978;beta_39;0.0
1979;beta_39;0.0
1980;beta_39;0.0
1981;beta_39;0.0
1982;beta_39;0.0
1983;beta_39;0.0
1984;beta_39;0.0
1985;beta_39;0.0
1986;beta_39;0.0
1987;beta_39;0.0
1988;beta_39;0.0
1989;beta_39;0.0
1990;beta_39;0.0
1991;beta_39;0.0
1992;beta_39;0.0
1993;beta_39;0.0
1994;beta_39;0.0
1995;beta_39;0.0
1996;beta_39;0.0
1997;beta_39;0.0
1998;beta_39;0.0
1999;beta_39;0.0
2000;beta_40;0.0
2001;beta_40;0.0
2002;beta_40;0.0
2003;beta_40;0.0
2004;beta_40;0.0
2005;beta_40;0.0
2006;beta_40;0.0
2007;beta_40;0.0
2008;beta_40;0.0
2009;beta_40;0.0
2010;beta_40;0.0
2011;beta_40;0.0
2012;beta_40;0.0
2013;beta_40;0.0
2014;beta_40;0.0
2015;beta_40;0.0
2016;beta_40;0.0
2017;beta_40;0.0
2018;beta_40;0.0
2019;beta_40;0.0
2020;beta_40;0.0
2021;beta_40;0.0
2022;beta_40;0.0
2023;beta_40;0.0
2024;beta_40;0.0
2025;beta_40;0.0
2026;beta_40;0.0
2027;beta_40;0.0
2028;beta_40;0.0
2029;beta_40;0.0
2030;beta_40;0.0
2031;beta_40;0.0
2032;beta_40;0.0
2033;beta_40;0.0
2034;beta_40;0.0
2035;beta_40;0.0
2036;beta_40;0.0
2037;beta_40;0.0
2038;beta_40;0.0
2039;beta_40;0.0
2040;beta_40;0.0
2041;beta_40;0.0
2042;beta_40;0.0
2043;beta_40;0.0
2044;beta_40;0.0
2045;beta_40;0.0
2046;beta_40;0.0
2047;beta_40;0.0
2048;beta_40;0.0
2049;beta_40;0.0
2050;beta_41;0.0
2051;beta_41;0.0
2052;beta_41;0.0
2053;beta_41;0.0
2054;beta_41;0.0
2055;beta_41;0.0
2056;beta_41;0.0
2057;beta_41;0.0
2058;beta_41;0.0
2059;beta_41;0.0
2060;beta_41;0.0
2061;beta_41;0.0
2062;beta_41;0.0
2063;beta_41;0.0
2064;beta_41;0.0
2065;beta_41;0.0
2066;beta_41;0.0
2067;beta_41;0.0
2068;beta_41;0.0
2069;beta_41;0.0
2070;beta_41;0.0
2071;beta_41;0.0
2072;beta_41;0.0
2073;beta_41;0.0
2074;beta_41;0.0
2075;beta_41;0.0
2076;beta_41;0.0
2077;beta_41;0.0
2078;beta_41;0.0
2079;beta_41;0.0
2080;beta_41;0.0
2081;beta_41;0.0
2082;beta_41;0.0
2083;beta_41;0.0
2084;beta_41;0.0
2085;beta_41;0.0
2086;beta_41;0.0
2087;beta_41;0.0
2088;beta_41;0.0
2089;beta_41;0.0
2090;beta_41;0.0
2091;beta_41;0.0
2092;beta_41;0.0
2093;beta_41;0.0
2094;beta_41;0.0
2095;beta_41;0.0
2096;beta_41;0.0
2097;beta_41;0.0
2098;beta_41;0.0
2099;beta_41;0.0
2100;beta_42;0.0
2101;beta_42;0.0
2102;beta_42;0.0
2103;beta_42;0.0
2104;beta_42;0.0
2105;beta_42;0.0
2106;beta_42;0.0
2107;beta_42;0.0
2108;beta_42;0.0
2109;beta_42;0.0
2110;beta_42;0.0
2111;beta_42;0.0
2112;beta_42;0.0
2113;beta_42;0.0
2114;beta_42;0.0
2115;beta_42;0.0
2116;beta_42;0.0
2117;beta_42;0.0
2118;beta_42;0.0
2119;beta_42;0.0
2120;beta_42;0.0
2121;beta_42;0.0
2122;beta_42;0.0
2123;beta_42;0.0
2124;beta_42;0.0
2125;beta_42;0.0
2126;beta_42;0.0
2127;beta_42;0.0
2128;beta_42;0.0
2129;beta_42;0.0
2130;beta_42;0.0
2131;beta_42;0.0
2132;beta_42;0.0
2133;beta_42;0.0
2134;beta_42;0.0
2135;beta_42;0.0
2136;beta_42;0.0
2137;beta_42;0.0
2138;beta_42;0.0
2139;beta_42;0.0
2140;beta_42;0.0
2141;beta_42;0.0
2142;beta_42;0.0
2143;beta_42;0.0
2144;beta_42;0.0
2145;beta_42;0.0
2146;beta_42;0.0
2147;beta_42;0.0
2148;beta_42;0.0
2149;beta_42;0.0
2150;beta_43;0.0
2151;beta_43;0.0
2152;beta_43;0.0
2153;beta_43;0.0
2154;beta_43;0.0
2155;beta_43;0.0
2156;beta_43;0.0
2157;beta_43;0.0
2158;beta_43;0.0
2159;beta_43;0.0
2160;beta_43;0.0
2161;beta_43;0.0
2162;beta_43;0.0
2163;beta_43;0.0
2164;beta_43;0.0
2165;beta_43;0.0
2166;beta_43;0.0
2167;beta_43;0.0
2168;beta_43;0.0
2169;beta_43;0.0
2170;beta_43;0.0
2171;beta_43;0.0
2172;beta_43;0.0
2173;beta_43;0.0
2174;beta_43;0.0
2175;beta_43;0.0
2176;beta_43;0.0
2177;beta_43;0.0
2178;beta_43;0.0
2179;beta_43;0.0
2180;beta_43;0.0
2181;beta_43;0.0
2182;beta_43;0.0
2183;beta_43;0.0
2184;beta_43;0.0
2185;beta_43;0.0
2186;beta_43;0.0
2187;beta_43;0.0
2188;beta_43;0.0
2189;beta_43;0.0
2190;beta_43;0.0
2191;beta_43;0.0
2192;beta_43;0.0
2193;beta_43;0.0
2194;beta_43;0.0
2195;beta_43;0.0
2196;beta_43;0.0
2197;beta_43;0.0
2198;beta_43;0.0
2199;beta_43;0.0
2200;beta_44;0.0
2201;beta_44;0.0
2202;beta_44;0.0
2203;beta_44;0.0
2204;beta_44;0.0
2205;beta_44;0.0
2206;beta_44;0.0
2207;beta_44;0.0
2208;beta_44;0.0
2209;beta_44;0.0
2210;beta_44;0.0
2211;beta_44;0.0
2212;beta_44;0.0
2213;beta_44;0.0
2214;beta_44;0.0
2215;beta_44;0.0
2216;beta_44;0.0
2217;beta_44;0.0
2218;beta_44;0.0
2219;beta_44;0.0
2220;beta_44;0.0
2221;beta_44;0.0
2222;beta_44;0.0
2223;beta_44;0.0
2224;beta_44;0.0
2225;beta_44;0.0
2226;beta_44;0.0
2227;beta_44;0.0
2228;beta_44;0.0
2229;beta_44;0.0
2230;beta_44;0.0
2231;beta_44;0.0
2232;beta_44;0.0
2233;beta_44;0.0
2234;beta_44;-0.89112896
2235;beta_44;0.0
2236;beta_44;0.0
2237;beta_44;0.0
2238;beta_44;0.0
2239;beta_44;0.0
2240;beta_44;0.0
2241;beta_44;0.0
2242;beta_44;0.0
2243;beta_44;0.0
2244;beta_44;0.0
2245;beta_44;0.0
2246;beta_44;0.0
2247;beta_44;0.0
2248;beta_44;0.0
2249;beta_44;0.0
2250;beta_45;0.0
2251;beta_45;0.0
2252;beta_45;0.0
2253;beta_45;0.0
2254;beta_45;0.0
2255;beta_45;0.0
2256;beta_45;0.0
2257;beta_45;0.0
2258;beta_45;0.0
2259;beta_45;0.0
2260;beta_45;0.0
2261;beta_45;0.0
2262;beta_45;0.0
2263;beta_45;0.0
2264;beta_45;0.0
2265;beta_45;0.0
2266;beta_45;0.0
2267;beta_45;0.0
2268;beta_45;0.0
2269;beta_45;0.0
2270;beta_45;0.0
2271;beta_45;0.0
2272;beta_45;0.0
2273;beta_45;0.0
2274;beta_45;0.0
2275;beta_45;0.0
2276;beta_45;0.0
2277;beta_45;0.0
2278;beta_45;0.0
2279;beta_45;0.0
2280;beta_45;0.0
2281;beta_45;0.0
2282;beta_45;0.0
2283;beta_45;0.0
2284;beta_45;0.0
2285;beta_45;0.0
2286;beta_45;0.0
2287;beta_45;0.0
2288;beta_45;0.0
2289;beta_45;0.0
2290;beta_45;0.0
2291;beta_45;0.0
2292;beta_45;0.0
2293;beta_45;0.0
2294;beta_45;0.0
2295;beta_45;0.0
2296;beta_45;0.0
2297;beta_45;0.0
2298;beta_45;0.0
2299;beta_45;0.0
2300;beta_46;0.0
2301;beta_46;0.0
2302;beta_46;0.0
2303;beta_46;0.0
2304;beta_46;0.0
2305;beta_46;0.0
2306;beta_46;0.0
2307;beta_46;0.0
2308;beta_46;0.0
2309;beta_46;0.0
2310;beta_46;0.0
2311;beta_46;0.0
2312;beta_46;0.0
2313;beta_46;0.0
2314;beta_46;0.0
2315;beta_46;0.0
2316;beta_46;0.0
2317;beta_46;0.0
2318;beta_46;0.0
2319;beta_46;0.0
2320;beta_46;0.0
2321;beta_46;0.0
2322;beta_46;0.0
2323;beta_46;0.0
2324;beta_46;0.0
2325;beta_46;0.0
2326;beta_46;0.0
2327;beta_46;0.0
2328;beta_46;0.0
2329;beta_46;0.0
2330;beta_46;0.0
2331;beta_46;0.0
2332;beta_46;0.0
2333;beta_46;0.0
2334;beta_46;0.0
2335;beta_46;0.0
2336;beta_46;0.0
2337;beta_46;0.0
2338;beta_46;0.0
2339;beta_46;0.0
2340;beta_46;0.0
2341;beta_46;0.0
2342;beta_46;0.0
2343;beta_46;0.0
2344;beta_46;0.0
2345;beta_46;0.0
2346;beta_46;0.0
2347;beta_46;0.0
2348;beta_46;0.0
2349;beta_46;0.0
2350;beta_47;0.0
2351;beta_47;0.0
2352;beta_47;0.0
2353;beta_47;0.0
2354;beta_47;0.0
2355;beta_47;0.0
2356;beta_47;0.0
2357;beta_47;0.0
2358;beta_47;0.0
2359;beta_47;0.0
2360;beta_47;0.0
2361;beta_47;0.0
2362;beta_47;0.0
2363;beta_47;0.0
2364;beta_47;0.0
2365;beta_47;0.0
2366;beta_47;0.0
2367;beta_47;0.0
2368;beta_47;0.0
2369;beta_47;0.0
2370;beta_47;0.0
2371;beta_47;0.0
2372;beta_47;0.0
2373;beta_47;0.0
2374;beta_47;0.0
2375;beta_47;0.0
2376;beta_47;0.0
2377;beta_47;0.0
2378;beta_47;0.0
2379;beta_47;0.0
2380;beta_47;0.0
2381;beta_47;0.0
2382;beta_47;0.0
2383;beta_47;0.0
2384;beta_47;0.0
2385;beta_47;0.0
2386;beta_47;0.0
2387;beta_47;0.0
2388;beta_47;0.0
2389;beta_47;0.0
2390;beta_47;0.0
2391;beta_47;0.0
2392;beta_47;0.0
2393;beta_47;0.0
2394;beta_47;0.0
2395;beta_47;0.0
2396;beta_47;0.0
2397;beta_47;0.0
2398;beta_47;0.0
2399;beta_47;0.0
2400;beta_48;0.0
2401;beta_48;0.0
2402;beta_48;0.0
2403;beta_48;0.0
2404;beta_48;0.0
2405;beta_48;0.0
2406;beta_48;0.0
2407;beta_48;0.0
2408;beta_48;0.0
2409;beta_48;0.0
2410;beta_48;0.0
2411;beta_48;0.0
2412;beta_48;0.0
2413;beta_48;0.0
2414;beta_48;0.0
2415;beta_48;0.0
2416;beta_48;0.0
2417;beta_48;0.0
2418;beta_48;0.0
2419;beta_48;0.0
2420;beta_48;0.0
2421;beta_48;0.0
2422;beta_48;0.0
2423;beta_48;0.0
2424;beta_48;0.0
2425;beta_48;0.0
2426;beta_48;0.0
2427;beta_48;0.0
2428;beta_48;0.0
2429;beta_48;0.0
2430;beta_48;0.0
2431;beta_48;0.0
2432;beta_48;0.0
2433;beta_48;0.0
2434;beta_48;0.0
2435;beta_48;0.0
2436;beta_48;0.0
2437;beta_48;0.0
2438;beta_48;0.0
2439;beta_48;0.0
2440;beta_48;0.0
2441;beta_48;0.0
2442;beta_48;0.0
2443;beta_48;0.0
2444;beta_48;0.0
2445;beta_48;0.0
2446;beta_48;0.0
2447;beta_48;0.0
2448;beta_48;0.0
2449;beta_48;0.0
2450;beta_49;0.0
2451;beta_49;0.0
2452;beta_49;0.0
2453;beta_49;0.0
2454;beta_49;0.0
2455;beta_49;0.0
2456;beta_49;0.0
2457;beta_49;0.0
2458;beta_49;0.0
2459;beta_49;0.0
2460;beta_49;0.0
2461;beta_49;0.0
2462;beta_49;0.0
2463;beta_49;0.0
2464;beta_49;0.0
2465;beta_49;0.0
2466;beta_49;0.0
2467;beta_49;0.0
2468;beta_49;0.0
2469;beta_49;0.0
2470;beta_49;0.0
2471;beta_49;0.0
2472;beta_49;0.0
2473;beta_49;0.0
2474;beta_49;0.0
2475;beta_49;0.0
2476;beta_49;0.0
2477;beta_49;0.0
2478;beta_49;0.0
2479;beta_49;0.0
2480;beta_49;0.0
2481;beta_49;0.0
2482;beta_49;0.0
2483;beta_49;0.0
2484;beta_49;0.0
2485;beta_49;0.0
2486;beta_49;0.0
2487;beta_49;0.0
2488;beta_49;0.0
2489;beta_49;0.0
2490;beta_49;0.0
2491;beta_49;0.0
2492;beta_49;0.0
2493;beta_49;0.0
2494;beta_49;0.0
2495;beta_49;0.0
2496;beta_49;0.0
2497;beta_49;0.0
2498;beta_49;0.0
2499;beta_49;0.0
2500;beta_50;0.0
2501;beta_50;0.0
2502;beta_50;0.0
2503;beta_50;0.0
2504;beta_50;0.0
2505;beta_50;0.0
2506;beta_50;0.0
2507;beta_50;0.0
2508;beta_50;0.0
2509;beta_50;0.0
2510;beta_50;0.0
2511;beta_50;0.0
2512;beta_50;0.0
2513;beta_50;0.0
2514;beta_50;0.0
2515;beta_50;0.0
2516;beta_50;0.0
2517;beta_50;0.0
2518;beta_50;0.0
2519;beta_50;0.0
2520;beta_50;0.0
2521;beta_50;0.0
2522;beta_50;0.0
2523;beta_50;0.0
2524;beta_50;0.0
2525;beta_50;0.0
2526;beta_50;0.0
2527;beta_50;0.0
2528;beta_50;0.0
2529;beta_50;0.0
2530;beta_50;0.0
2531;beta_50;0.0
2532;beta_50;0.0
2533;beta_50;0.0
2534;beta_50;0.0
2535;beta_50;0.0
2536;beta_50;0.0
2537;beta_50;0.0
2538;beta_50;0.0
2539;beta_50;0.0
2540;beta_50;0.0
2541;beta_50;0.0
2542;beta_50;0.0
2543;beta_50;0.0
2544;beta_50;0.0
2545;beta_50;0.0
2546;beta_50;0.0
2547;beta_50;0.0
2548;beta_50;0.0
2549;beta_50;0.0
2550;beta_51;0.0
2551;beta_51;0.0
2552;beta_51;0.0
2553;beta_51;0.0
2554;beta_51;0.0
2555;beta_51;0.0
2556;beta_51;0.0
2557;beta_51;0.0
2558;beta_51;0.0
2559;beta_51;0.0
2560;beta_51;0.0
2561;beta_51;0.0
2562;beta_51;0.0
2563;beta_51;0.0
2564;beta_51;0.0
2565;beta_51;0.0
2566;beta_51;0.0
2567;beta_51;0.0
2568;beta_51;0.0
2569;beta_51;0.0
2570;beta_51;0.0
2571;beta_51;0.0
2572;beta_51;0.0
2573;beta_51;0.0
2574;beta_51;0.0
2575;beta_51;0.0
2576;beta_51;0.0
2577;beta_51;0.0
2578;beta_51;0.0
2579;beta_51;0.0
2580;beta_51;0.0
2581;beta_51;0.0
2582;beta_51;0.0
2583;beta_51;0.0
2584;beta_51;0.0
2585;beta_51;0.0
2586;beta_51;-0.4430276
2587;beta_51;0.0
2588;beta_51;0.0
2589;beta_51;0.0
2590;beta_51;0.0
2591;beta_51;0.0
2592;beta_51;0.0
2593;beta_51;0.0
2594;beta_51;0.0
2595;beta_51;0.0
2596;beta_51;0.0
2597;beta_51;0.0
2598;beta_51;0.0
2599;beta_51;0.0
2600;beta_52;0.0
2601;beta_52;0.0
2602;beta_52;0.0
2603;beta_52;0.0
2604;beta_52;0.0
2605;beta_52;0.0
2606;beta_52;0.0
2607;beta_52;0.0
2608;beta_52;0.0
2609;beta_52;0.0
2610;beta_52;0.0
2611;beta_52;0.0
2612;beta_52;0.0
2613;beta_52;0.0
2614;beta_52;0.0
2615;beta_52;0.0
2616;beta_52;0.0
2617;beta_52;0.0
2618;beta_52;0.0
2619;beta_52;0.0
2620;beta_52;0.0
2621;beta_52;0.0
2622;beta_52;0.0
2623;beta_52;0.0
2624;beta_52;0.0
2625;beta_52;0.0
2626;beta_52;0.0
2627;beta_52;0.0
2628;beta_52;0.0
2629;beta_52;0.0
2630;beta_52;0.0
2631;beta_52;0.0
2632;beta_52;0.0
2633;beta_52;0.0
2634;beta_52;0.0
2635;beta_52;0.0
2636;beta_52;0.0
2637;beta_52;0.0
2638;beta_52;0.0
2639;beta_52;0.0
2640;beta_52;0.0
2641;beta_52;0.0
2642;beta_52;0.0
2643;beta_52;0.0
2644;beta_52;0.0
2645;beta_52;0.0
2646;beta_52;0.0
2647;beta_52;0.0
2648;beta_52;0.0
2649;beta_52;0.0
2650;beta_53;0.0
2651;beta_53;0.0
2652;beta_53;0.0
2653;beta_53;0.0
2654;beta_53;0.0
2655;beta_53;0.0
2656;beta_53;0.0
2657;beta_53;0.0
2658;beta_53;0.0
2659;beta_53;0.0
2660;beta_53;0.0
2661;beta_53;0.0
2662;beta_53;0.0
2663;beta_53;0.0
2664;beta_53;0.0
2665;beta_53;0.0
2666;beta_53;0.0
2667;beta_53;0.0
2668;beta_53;0.0
2669;beta_53;0.0
2670;beta_53;0.0
2671;beta_53;0.0
2672;beta_53;0.0
2673;beta_53;0.0
2674;beta_53;0.0
2675;beta_53;0.0
2676;beta_53;0.0
2677;beta_53;0.0
2678;beta_53;0.0
2679;beta_53;0.0
2680;beta_53;0.0
2681;beta_53;0.0
2682;beta_53;0.0
2683;beta_53;0.0
2684;beta_53;0.0
2685;beta_53;0.0
2686;beta_53;0.0
2687;beta_53;0.0
2688;beta_53;0.0
2689;beta_53;0.0
2690;beta_53;0.0
2691;beta_53;0.0
2692;beta_53;0.0
2693;beta_53;0.0
2694;beta_53;0.0
2695;beta_53;0.0
2696;beta_53;0.0
2697;beta_53;0.0
2698;beta_53;0.0
2699;beta_53;0.0
2700;beta_54;0.0
2701;beta_54;0.0
2702;beta_54;0.0
2703;beta_54;0.0
2704;beta_54;0.0
2705;beta_54;0.0
2706;beta_54;0.0
2707;beta_54;0.0
2708;beta_54;0.0
2709;beta_54;0.0
2710;beta_54;0.0
2711;beta_54;0.0
2712;beta_54;0.0
2713;beta_54;0.0
2714;beta_54;0.0
2715;beta_54;0.0
2716;beta_54;0.0
2717;beta_54;0.0
2718;beta_54;0.0
2719;beta_54;0.0
2720;beta_54;0.0
2721;beta_54;0.0
2722;beta_54;0.0
2723;beta_54;0.0
2724;beta_54;0.0
2725;beta_54;0.0
2726;beta_54;0.0
2727;beta_54;0.0
2728;beta_54;0.0
2729;beta_54;0.0
2730;beta_54;0.0
2731;beta_54;0.0
2732;beta_54;0.0
2733;beta_54;0.0
2734;beta_54;0.0
2735;beta_54;0.0
2736;beta_54;0.0
2737;beta_54;0.0
2738;beta_54;0.0
2739;beta_54;0.0
2740;beta_54;0.0
2741;beta_54;0.0
2742;beta_54;0.0
2743;beta_54;0.0
2744;beta_54;0.0
2745;beta_54;0.0
2746;beta_54;0.0
2747;beta_54;0.0
2748;beta_54;0.0
2749;beta_54;0.0
2750;beta_55;0.0
2751;beta_55;0.0
2752;beta_55;0.0
2753;beta_55;0.0
2754;beta_55;0.0
2755;beta_55;0.0
2756;beta_55;0.0
2757;beta_55;0.0
2758;beta_55;0.0
2759;beta_55;0.0
2760;beta_55;0.0
2761;beta_55;0.0
2762;beta_55;0.0
2763;beta_55;0.0
2764;beta_55;0.0
2765;beta_55;0.0
2766;beta_55;0.0
2767;beta_55;0.0
2768;beta_55;0.0
2769;beta_55;0.0
2770;beta_55;0.0
2771;beta_55;0.0
2772;beta_55;0.0
2773;beta_55;0.0
2774;beta_55;0.0
2775;beta_55;0.0
2776;beta_55;0.0
2777;beta_55;0.0
2778;beta_55;0.0
2779;beta_55;0.0
2780;beta_55;0.0
2781;beta_55;0.0
2782;beta_55;0.0
2783;beta_55;0.0
2784;beta_55;0.0
2785;beta_55;0.0
2786;beta_55;0.0
2787;beta_55;0.0
2788;beta_55;0.0
2789;beta_55;0.0
2790;beta_55;0.0
2791;beta_55;0.0
2792;beta_55;0.0
2793;beta_55;0.0
2794;beta_55;0.0
2795;beta_55;0.0
2796;beta_55;0.0
2797;beta_55;0.0
2798;beta_55;0.0
2799;beta_55;0.0
2800;beta_56;0.0
2801;beta_56;0.0
2802;beta_56;0.0
2803;beta_56;0.0
2804;beta_56;0.0
2805;beta_56;0.0
2806;beta_56;0.0
2807;beta_56;0.0
2808;beta_56;0.0
2809;beta_56;0.0
2810;beta_56;0.0
2811;beta_56;0.0
2812;beta_56;0.0
2813;beta_56;0.0
2814;beta_56;0.0
2815;beta_56;0.0
2816;beta_56;0.0
2817;beta_56;0.0
2818;beta_56;0.0
2819;beta_56;0.0
2820;beta_56;0.0
2821;beta_56;0.0
2822;beta_56;0.0
2823;beta_56;0.0
2824;beta_56;0.0
2825;beta_56;0.0
2826;beta_56;0.0
2827;beta_56;0.0
2828;beta_56;0.0
2829;beta_56;0.0
2830;beta_56;0.0
2831;beta_56;0.0
2832;beta_56;0.0
2833;beta_56;0.0
2834;beta_56;0.0
2835;beta_56;0.0
2836;beta_56;0.0
2837;beta_56;0.0
2838;beta_56;0.0
2839;beta_56;0.0
2840;beta_56;0.0
2841;beta_56;0.0
2842;beta_56;0.0
2843;beta_56;0.0
2844;beta_56;0.0
2845;beta_56;0.0
2846;beta_56;0.0
2847;beta_56;0.0
2848;beta_56;0.0
2849;beta_56;0.0
2850;beta_57;0.0
2851;beta_57;0.0
2852;beta_57;0.0
2853;beta_57;0.0
2854;beta_57;0.0
2855;beta_57;0.0
2856;beta_57;0.0
2857;beta_57;0.0
2858;beta_57;0.0
2859;beta_57;0.0
2860;beta_57;0.0
2861;beta_57;0.0
2862;beta_57;0.0
2863;beta_57;0.0
2864;beta_57;0.0
2865;beta_57;0.0
2866;beta_57;0.0
2867;beta_57;0.0
2868;beta_57;0.0
2869;beta_57;0.0
2870;beta_57;0.0
2871;beta_57;0.0
2872;beta_57;0.0
2873;beta_57;0.0
2874;beta_57;0.0
2875;beta_57;0.0
2876;beta_57;0.0
2877;beta_57;0.0
2878;beta_57;0.0
2879;beta_57;0.0
2880;beta_57;0.0
2881;beta_57;0.0
2882;beta_57;0.0
2883;beta_57;0.0
2884;beta_57;0.0
2885;beta_57;0.0
2886;beta_57;0.0
2887;beta_57;0.0
2888;beta_57;0.0
2889;beta_57;0.0
2890;beta_57;0.0
2891;beta_57;0.0
2892;beta_57;0.0
2893;beta_57;0.0
2894;beta_57;0.0
2895;beta_57;0.0
2896;beta_57;0.0
2897;beta_57;0.0
2898;beta_57;0.0
2899;beta_57;0.0
2900;beta_58;0.0
2901;beta_58;0.0
2902;beta_58;0.0
2903;beta_58;0.0
2904;beta_58;0.0
2905;beta_58;0.0
2906;beta_58;0.0
2907;beta_58;0.0
2908;beta_58;0.0
2909;beta_58;0.0
2910;beta_58;0.0
2911;beta_58;0.0
2912;beta_58;0.0
2913;beta_58;0.0
2914;beta_58;0.0
2915;beta_58;0.0
2916;beta_58;0.0
2917;beta_58;0.0
2918;beta_58;0.0
2919;beta_58;0.0
2920;beta_58;0.0
2921;beta_58;0.0
2922;beta_58;0.0
2923;beta_58;0.0
2924;beta_58;0.0
2925;beta_58;0.0
2926;beta_58;0.0
2927;beta_58;0.0
2928;beta_58;0.0
2929;beta_58;0.0
2930;beta_58;0.0
2931;beta_58;0.0
2932;beta_58;0.0
2933;beta_58;0.0
2934;beta_58;0.0
2935;beta_58;0.0
2936;beta_58;0.0
2937;beta_58;0.0
2938;beta_58;0.0
2939;beta_58;0.0
2940;beta_58;0.0
2941;beta_58;0.0
2942;beta_58;0.0
2943;beta_58;0.0
2944;beta_58;0.0
2945;beta_58;0.0
2946;beta_58;0.0
2947;beta_58;0.0
2948;beta_58;0.0
2949;beta_58;0.0
2950;beta_59;0.0
2951;beta_59;0.0
2952;beta_59;0.0
2953;beta_59;0.0
2954;beta_59;0.0
2955;beta_59;0.0
2956;beta_59;0.0
2957;beta_59;0.0
2958;beta_59;0.0
2959;beta_59;0.0
2960;beta_59;0.0
2961;beta_59;0.0
2962;beta_59;0.0
2963;beta_59;0.0
2964;beta_59;0.0
2965;beta_59;0.0
2966;beta_59;0.0
2967;beta_59;0.0
2968;beta_59;0.0
2969;beta_59;0.0
2970;beta_59;0.0
2971;beta_59;0.0
2972;beta_59;0.0
2973;beta_59;0.0
2974;beta_59;0.0
2975;beta_59;0.0
2976;beta_59;0.0
2977;beta_59;0.0
2978;beta_59;0.0
2979;beta_59;0.0
2980;beta_59;0.0
2981;beta_59;0.0
2982;beta_59;0.0
2983;beta_59;0.0
2984;beta_59;0.0
2985;beta_59;0.0
2986;beta_59;0.0
2987;beta_59;0.0
2988;beta_59;0.0
2989;beta_59;0.0
2990;beta_59;0.0
2991;beta_59;0.0
2992;beta_59;0.0
2993;beta_59;0.0
2994;beta_59;0.0
2995;beta_59;0.0
2996;beta_59;0.0
2997;beta_59;0.0
2998;beta_59;0.0
2999;beta_59;0.0
3000;beta_60;0.0
3001;beta_60;0.0
3002;beta_60;0.0
3003;beta_60;0.0
3004;beta_60;0.0
3005;beta_60;0.0
3006;beta_60;0.0
3007;beta_60;0.0
3008;beta_60;0.0
3009;beta_60;0.0
3010;beta_60;0.0
3011;beta_60;0.0
3012;beta_60;0.0
3013;beta_60;0.0
3014;beta_60;0.0
3015;beta_60;0.0
3016;beta_60;0.0
3017;beta_60;0.0
3018;beta_60;0.0
3019;beta_60;0.0
3020;beta_60;0.0
3021;beta_60;0.0
3022;beta_60;0.0
3023;beta_60;0.0
3024;beta_60;0.0
3025;beta_60;0.0
3026;beta_60;0.0
3027;beta_60;0.0
3028;beta_60;0.0
3029;beta_60;0.0
3030;beta_60;0.0
3031;beta_60;0.0
3032;beta_60;0.0
3033;beta_60;0.0
3034;beta_60;0.0
3035;beta_60;0.0
3036;beta_60;0.0
3037;beta_60;0.0
3038;beta_60;0.0
3039;beta_60;0.0
3040;beta_60;0.0
3041;beta_60;0.0
3042;beta_60;0.0
3043;beta_60;0.0
3044;beta_60;0.0
3045;beta_60;0.0
3046;beta_60;0.0
3047;beta_60;0.0
3048;beta_60;0.0
3049;beta_60;0.0
3050;beta_61;0.0
3051;beta_61;0.0
3052;beta_61;0.0
3053;beta_61;0.0
3054;beta_61;0.0
3055;beta_61;0.0
3056;beta_61;0.0
3057;beta_61;0.0
3058;beta_61;0.0
3059;beta_61;0.0
3060;beta_61;0.0
3061;beta_61;0.0
3062;beta_61;0.0
3063;beta_61;0.0
3064;beta_61;0.0
3065;beta_61;0.0
3066;beta_61;0.0
3067;beta_61;0.0
3068;beta_61;0.0
3069;beta_61;0.0
3070;beta_61;0.0
3071;beta_61;0.0
3072;beta_61;0.0
3073;beta_61;0.0
3074;beta_61;0.0
3075;beta_61;0.0
3076;beta_61;0.0
3077;beta_61;0.0
3078;beta_61;0.0
3079;beta_61;0.0
3080;beta_61;0.0
3081;beta_61;0.0
3082;beta_61;0.0
3083;beta_61;0.0
3084;beta_61;0.0
3085;beta_61;0.0
3086;beta_61;0.0
3087;beta_61;0.0
3088;beta_61;0.0
3089;beta_61;0.0
3090;beta_61;0.0
3091;beta_61;0.0
3092;beta_61;0.0
3093;beta_61;0.0
3094;beta_61;0.0
3095;beta_61;0.0
3096;beta_61;0.0
3097;beta_61;0.0
3098;beta_61;0.0
3099;beta_61;0.0
3100;beta_62;0.0
3101;beta_62;0.0
3102;beta_62;0.0
3103;beta_62;0.0
3104;beta_62;0.0
3105;beta_62;0.0
3106;beta_62;0.0
3107;beta_62;0.0
3108;beta_62;0.0
3109;beta_62;0.0
3110;beta_62;0.0
3111;beta_62;0.0
3112;beta_62;0.0
3113;beta_62;0.0
3114;beta_62;0.0
3115;beta_62;0.0
3116;beta_62;0.0
3117;beta_62;0.0
3118;beta_62;0.0
3119;beta_62;0.0
3120;beta_62;0.0
3121;beta_62;0.0
3122;beta_62;0.0
3123;beta_62;0.0
3124;beta_62;0.0
3125;beta_62;0.0
3126;beta_62;0.0
3127;beta_62;0.0
3128;beta_62;0.0
3129;beta_62;0.0
3130;beta_62;0.0
3131;beta_62;0.0
3132;beta_62;0.0
3133;beta_62;0.0
3134;beta_62;0.0
3135;beta_62;0.0
3136;beta_62;0.0
3137;beta_62;0.0
3138;beta_62;0.0
3139;beta_62;0.0
3140;beta_62;0.0
3141;beta_62;0.0
3142;beta_62;0.0
3143;beta_62;0.0
3144;beta_62;0.0
3145;beta_62;0.0
3146;beta_62;0.0
3147;beta_62;0.0
3148;beta_62;0.0
3149;beta_62;0.0
3150;beta_63;0.0
3151;beta_63;0.0
3152;beta_63;0.0
3153;beta_63;0.0
3154;beta_63;0.0
3155;beta_63;0.0
3156;beta_63;0.0
3157;beta_63;0.0
3158;beta_63;0.0
3159;beta_63;0.0
3160;beta_63;0.0
3161;beta_63;0.0
3162;beta_63;0.0
3163;beta_63;0.0
3164;beta_63;0.0
3165;beta_63;0.0
3166;beta_63;0.0
3167;beta_63;0.0
3168;beta_63;0.0
3169;beta_63;0.0
3170;beta_63;0.0
3171;beta_63;0.0
3172;beta_63;0.0
3173;beta_63;0.0
3174;beta_63;0.0
3175;beta_63;0.0
3176;beta_63;0.0
3177;beta_63;0.0
3178;beta_63;0.0
3179;beta_63;0.0
3180;beta_63;0.0
3181;beta_63;0.0
3182;beta_63;0.0
3183;beta_63;0.0
3184;beta_63;0.0
3185;beta_63;0.0
3186;beta_63;0.0
3187;beta_63;0.0
3188;beta_63;0.0
3189;beta_63;0.0
3190;beta_63;0.0
3191;beta_63;0.0
3192;beta_63;0.0
3193;beta_63;0.0
3194;beta_63;0.0
3195;beta_63;0.0
3196;beta_63;0.0
3197;beta_63;0.0
3198;beta_63;0.0
3199;beta_63;0.0
3200;beta_64;0.0
3201;beta_64;0.0
3202;beta_64;0.0
3203;beta_64;0.0
3204;beta_64;0.0
3205;beta_64;0.0
3206;beta_64;0.0
3207;beta_64;0.0
3208;beta_64;0.0
3209;beta_64;0.0
3210;beta_64;0.0
3211;beta_64;0.0
3212;beta_64;0.0
3213;beta_64;0.0
3214;beta_64;0.0
3215;beta_64;0.0
3216;beta_64;0.0
3217;beta_64;0.0
3218;beta_64;0.0
3219;beta_64;0.0
3220;beta_64;0.0
3221;beta_64;0.0
3222;beta_64;0.0
3223;beta_64;0.0
3224;beta_64;0.0
3225;beta_64;0.0
3226;beta_64;0.0
3227;beta_64;0.0
3228;beta_64;0.0
3229;beta_64;0.0
3230;beta_64;0.0
3231;beta_64;0.0
3232;beta_64;0.0
3233;beta_64;0.0
3234;beta_64;0.0
3235;beta_64;0.0
3236;beta_64;0.0
3237;beta_64;0.0
3238;beta_64;0.0
3239;beta_64;0.0
3240;beta_64;0.0
3241;beta_64;0.0
3242;beta_64;0.0
3243;beta_64;0.0
3244;beta_64;0.0
3245;beta_64;0.0
3246;beta_64;0.0
3247;beta_64;0.0
3248;beta_64;0.0
3249;beta_64;0.0
3250;beta_65;0.0
3251;beta_65;0.0
3252;beta_65;0.0
3253;beta_65;0.0
3254;beta_65;0.0
3255;beta_65;0.0
3256;beta_65;0.0
3257;beta_65;0.0
3258;beta_65;0.0
3259;beta_65;0.0
3260;beta_65;0.0
3261;beta_65;0.0
3262;beta_65;0.0
3263;beta_65;0.0
3264;beta_65;0.0
3265;beta_65;0.0
3266;beta_65;0.0
3267;beta_65;0.0
3268;beta_65;0.0
3269;beta_65;0.0
3270;beta_65;0.0
3271;beta_65;0.0
3272;beta_65;0.0
3273;beta_65;0.0
3274;beta_65;0.0
3275;beta_65;0.0
3276;beta_65;0.0
3277;beta_65;0.0
3278;beta_65;0.0
3279;beta_65;0.0
3280;beta_65;0.0
3281;beta_65;0.0
3282;beta_65;0.0
3283;beta_65;0.0
3284;beta_65;0.0
3285;beta_65;0.0
3286;beta_65;0.0
3287;beta_65;0.0
3288;beta_65;0.0
3289;beta_65;0.0
3290;beta_65;0.0
3291;beta_65;0.0
3292;beta_65;0.0
3293;beta_65;0.0
3294;beta_65;0.0
3295;beta_65;0.0
3296;beta_65;0.0
3297;beta_65;0.0
3298;beta_65;0.0
3299;beta_65;0.0
3300;beta_66;0.0
3301;beta_66;0.0
3302;beta_66;0.0
3303;beta_66;0.0
3304;beta_66;0.0
3305;beta_66;0.0
3306;beta_66;0.0
3307;beta_66;0.0
3308;beta_66;0.0
3309;beta_66;0.0
3310;beta_66;0.0
3311;beta_66;0.0
3312;beta_66;0.0
3313;beta_66;0.0
3314;beta_66;0.0
3315;beta_66;0.0
3316;beta_66;0.0
3317;beta_66;0.0
3318;beta_66;0.0
3319;beta_66;0.0
3320;beta_66;0.0
3321;beta_66;0.0
3322;beta_66;0.0
3323;beta_66;0.0
3324;beta_66;0.0
3325;beta_66;0.0
3326;beta_66;0.0
3327;beta_66;0.0
3328;beta_66;0.0
3329;beta_66;0.0
3330;beta_66;0.0
3331;beta_66;0.0
3332;beta_66;0.0
3333;beta_66;0.0
3334;beta_66;0.0
3335;beta_66;0.0
3336;beta_66;0.0
3337;beta_66;0.0
3338;beta_66;0.0
3339;beta_66;0.0
3340;beta_66;0.0
3341;beta_66;0.0
3342;beta_66;0.0
3343;beta_66;0.0
3344;beta_66;0.0
3345;beta_66;0.0
3346;beta_66;0.0
3347;beta_66;0.0
3348;beta_66;0.0
3349;beta_66;0.0
3350;beta_67;0.0
3351;beta_67;0.0
3352;beta_67;0.0
3353;beta_67;0.0
3354;beta_67;0.0
3355;beta_67;0.0
3356;beta_67;0.0
3357;beta_67;0.0
3358;beta_67;0.0
3359;beta_67;0.0
3360;beta_67;0.0
3361;beta_67;0.0
3362;beta_67;0.0
3363;beta_67;0.0
3364;beta_67;0.0
3365;beta_67;0.0
3366;beta_67;0.0
3367;beta_67;0.0
3368;beta_67;0.0
3369;beta_67;0.0
3370;beta_67;0.0
3371;beta_67;0.0
3372;beta_67;0.0
3373;beta_67;0.0
3374;beta_67;0.0
3375;beta_67;0.0
3376;beta_67;0.0
3377;beta_67;0.0
3378;beta_67;0.0
3379;beta_67;0.0
3380;beta_67;0.0
3381;beta_67;0.0
3382;beta_67;0.0
3383;beta_67;0.0
3384;beta_67;0.0
3385;beta_67;0.0
3386;beta_67;0.0
3387;beta_67;0.0
3388;beta_67;0.0
3389;beta_67;0.0
3390;beta_67;0.0
3391;beta_67;0.0
3392;beta_67;0.0
3393;beta_67;0.0
3394;beta_67;0.0
3395;beta_67;0.0
3396;beta_67;0.0
3397;beta_67;0.0
3398;beta_67;0.0
3399;beta_67;0.0
3400;beta_68;0.0
3401;beta_68;0.0
3402;beta_68;0.0
3403;beta_68;0.0
3404;beta_68;0.0
3405;beta_68;0.0
3406;beta_68;0.0
3407;beta_68;0.0
3408;beta_68;0.0
3409;beta_68;0.0
3410;beta_68;0.0
3411;beta_68;0.0
3412;beta_68;0.0
3413;beta_68;0.0
3414;beta_68;0.0
3415;beta_68;0.0
3416;beta_68;0.0
3417;beta_68;0.0
3418;beta_68;0.0
3419;beta_68;0.0
3420;beta_68;0.0
3421;beta_68;0.0
3422;beta_68;0.0
3423;beta_68;0.0
3424;beta_68;0.0
3425;beta_68;0.0
3426;beta_68;0.0
3427;beta_68;0.0
3428;beta_68;0.0
3429;beta_68;0.0
3430;beta_68;0.0
3431;beta_68;0.0
3432;beta_68;0.0
3433;beta_68;0.0
3434;beta_68;0.0
3435;beta_68;0.0
3436;beta_68;0.0
3437;beta_68;0.0
3438;beta_68;0.0
3439;beta_68;0.0
3440;beta_68;0.0
3441;beta_68;0.0
3442;beta_68;0.0
3443;beta_68;0.0
3444;beta_68;0.0
3445;beta_68;0.0
3446;beta_68;0.0
3447;beta_68;0.0
3448;beta_68;0.0
3449;beta_68;0.0
3450;beta_69;0.0
3451;beta_69;0.0
3452;beta_69;0.0
3453;beta_69;0.0
3454;beta_69;0.0
3455;beta_69;0.0
3456;beta_69;0.0
3457;beta_69;0.0
3458;beta_69;0.0
3459;beta_69;0.0
3460;beta_69;0.0
3461;beta_69;0.0
3462;beta_69;0.0
3463;beta_69;0.0
3464;beta_69;0.0
3465;beta_69;0.0
3466;beta_69;0.0
3467;beta_69;0.0
3468;beta_69;0.0
3469;beta_69;0.0
3470;beta_69;0.0
3471;beta_69;0.0
3472;beta_69;0.0
3473;beta_69;0.0
3474;beta_69;0.0
3475;beta_69;0.0
3476;beta_69;0.0
3477;beta_69;0.0
3478;beta_69;0.0
3479;beta_69;0.0
3480;beta_69;0.0
3481;beta_69;0.0
3482;beta_69;0.0
3483;beta_69;0.0
3484;beta_69;0.0
3485;beta_69;0.0
3486;beta_69;0.0
3487;beta_69;0.0
3488;beta_69;0.0
3489;beta_69;0.0
3490;beta_69;0.0
3491;beta_69;0.0
3492;beta_69;0.0
3493;beta_69;0.0
3494;beta_69;0.0
3495;beta_69;0.0
3496;beta_69;0.0
3497;beta_69;0.0
3498;beta_69;0.0
3499;beta_69;0.0
3500;beta_70;0.0
3501;beta_70;0.0
3502;beta_70;0.0
3503;beta_70;0.0
3504;beta_70;0.0
3505;beta_70;0.0
3506;beta_70;0.0
3507;beta_70;0.0
3508;beta_70;0.0
3509;beta_70;0.0
3510;beta_70;0.0
3511;beta_70;0.0
3512;beta_70;0.0
3513;beta_70;0.0
3514;beta_70;0.0
3515;beta_70;0.0
3516;beta_70;0.0
3517;beta_70;0.0
3518;beta_70;0.0
3519;beta_70;0.0
3520;beta_70;0.0
3521;beta_70;0.0
3522;beta_70;0.0
3523;beta_70;0.0
3524;beta_70;0.0
3525;beta_70;0.0
3526;beta_70;0.0
3527;beta_70;0.0
3528;beta_70;0.0
3529;beta_70;0.0
3530;beta_70;0.0
3531;beta_70;0.0
3532;beta_70;0.0
3533;beta_70;0.0
3534;beta_70;0.0
3535;beta_70;0.0
3536;beta_70;0.0
3537;beta_70;0.0
3538;beta_70;0.0
3539;beta_70;0.0
3540;beta_70;0.0
3541;beta_70;0.0
3542;beta_70;0.0
3543;beta_70;0.0
3544;beta_70;0.0
3545;beta_70;0.0
3546;beta_70;0.0
3547;beta_70;0.0
3548;beta_70;0.0
3549;beta_70;0.0
3550;beta_71;0.0
3551;beta_71;0.0
3552;beta_71;0.0
3553;beta_71;0.0
3554;beta_71;0.0
3555;beta_71;0.0
3556;beta_71;0.0
3557;beta_71;0.0
3558;beta_71;0.0
3559;beta_71;0.0
3560;beta_71;0.0
3561;beta_71;0.0
3562;beta_71;0.0
3563;beta_71;0.0
3564;beta_71;0.0
3565;beta_71;0.0
3566;beta_71;0.0
3567;beta_71;0.0
3568;beta_71;0.0
3569;beta_71;0.0
3570;beta_71;0.0
3571;beta_71;0.0
3572;beta_71;0.0
3573;beta_71;0.0
3574;beta_71;0.0
3575;beta_71;0.0
3576;beta_71;0.0
3577;beta_71;0.0
3578;beta_71;0.0
3579;beta_71;0.0
3580;beta_71;0.0
3581;beta_71;0.0
3582;beta_71;0.0
3583;beta_71;0.0
3584;beta_71;0.0
3585;beta_71;0.0
3586;beta_71;0.0
3587;beta_71;0.0
3588;beta_71;0.0
3589;beta_71;0.0
3590;beta_71;0.0
3591;beta_71;0.0
3592;beta_71;0.0
3593;beta_71;0.0
3594;beta_71;0.0
3595;beta_71;0.0
3596;beta_71;0.0
3597;beta_71;0.0
3598;beta_71;0.0
3599;beta_71;0.0
3600;beta_72;0.0
3601;beta_72;0.0
3602;beta_72;0.0
3603;beta_72;0.0
3604;beta_72;0.0
3605;beta_72;0.0
3606;beta_72;0.0
3607;beta_72;0.0
3608;beta_72;0.0
3609;beta_72;0.0
3610;beta_72;0.0
3611;beta_72;0.0
3612;beta_72;0.0
3613;beta_72;0.0
3614;beta_72;0.0
3615;beta_72;0.0
3616;beta_72;0.0
3617;beta_72;0.0
3618;beta_72;0.0
3619;beta_72;0.0
3620;beta_72;0.0
3621;beta_72;0.0
3622;beta_72;0.0
3623;beta_72;0.0
3624;beta_72;0.0
3625;beta_72;0.0
3626;beta_72;0.0
3627;beta_72;0.0
3628;beta_72;0.0
3629;beta_72;0.0
3630;beta_72;0.0
3631;beta_72;0.0
3632;beta_72;0.0
3633;beta_72;0.0
3634;beta_72;0.0
3635;beta_72;0.0
3636;beta_72;0.0
3637;beta_72;0.0
3638;beta_72;0.0
3639;beta_72;0.0
3640;beta_72;0.0
3641;beta_72;0.0
3642;beta_72;0.0
3643;beta_72;0.0
3644;beta_72;0.0
3645;beta_72;0.0
3646;beta_72;0.0
3647;beta_72;0.0
3648;beta_72;0.0
3649;beta_72;0.0
3650;beta_73;0.0
3651;beta_73;0.0
3652;beta_73;0.0
3653;beta_73;0.0
3654;beta_73;0.0
3655;beta_73;0.0
3656;beta_73;0.0
3657;beta_73;0.0
3658;beta_73;0.0
3659;beta_73;0.0
3660;beta_73;0.0
3661;beta_73;0.0
3662;beta_73;0.0
3663;beta_73;0.0
3664;beta_73;0.0
3665;beta_73;0.0
3666;beta_73;0.0
3667;beta_73;0.0
3668;beta_73;0.0
3669;beta_73;0.0
3670;beta_73;0.0
3671;beta_73;0.0
3672;beta_73;0.0
3673;beta_73;0.0
3674;beta_73;0.0
3675;beta_73;0.0
3676;beta_73;0.0
3677;beta_73;0.0
3678;beta_73;0.0
3679;beta_73;0.0
3680;beta_73;0.0
3681;beta_73;0.0
3682;beta_73;0.0
3683;beta_73;0.0
3684;beta_73;0.0
3685;beta_73;0.0
3686;beta_73;0.0
3687;beta_73;0.0
3688;beta_73;0.0
3689;beta_73;0.0
3690;beta_73;0.0
3691;beta_73;0.0
3692;beta_73;0.0
3693;beta_73;0.0
3694;beta_73;0.0
3695;beta_73;0.0
3696;beta_73;0.0
3697;beta_73;0.0
3698;beta_73;0.0
3699;beta_73;0.0
3700;beta_74;0.0
3701;beta_74;0.0
3702;beta_74;0.0
3703;beta_74;0.0
3704;beta_74;0.0
3705;beta_74;0.0
3706;beta_74;0.0
3707;beta_74;0.0
3708;beta_74;0.0
3709;beta_74;0.0
3710;beta_74;0.0
3711;beta_74;0.0
3712;beta_74;0.0
3713;beta_74;0.0
3714;beta_74;0.0
3715;beta_74;0.0
3716;beta_74;0.0
3717;beta_74;0.0
3718;beta_74;0.0
3719;beta_74;0.0
3720;beta_74;0.0
3721;beta_74;0.0
3722;beta_74;0.0
3723;beta_74;0.0
3724;beta_74;0.0
3725;beta_74;0.0
3726;beta_74;0.0
3727;beta_74;0.0
3728;beta_74;0.0
3729;beta_74;0.0
3730;beta_74;0.0
3731;beta_74;0.0
3732;beta_74;0.0
3733;beta_74;0.0
3734;beta_74;0.0
3735;beta_74;0.0
3736;beta_74;0.0
3737;beta_74;0.0
3738;beta_74;0.0
3739;beta_74;0.0
3740;beta_74;0.0
3741;beta_74;0.0
3742;beta_74;0.0
3743;beta_74;0.0
3744;beta_74;0.0
3745;beta_74;0.0
3746;beta_74;0.0
3747;beta_74;0.0
3748;beta_74;0.0
3749;beta_74;0.0
3750;beta_75;0.0
3751;beta_75;0.0
3752;beta_75;0.0
3753;beta_75;0.0
3754;beta_75;0.0
3755;beta_75;0.0
3756;beta_75;0.0
3757;beta_75;0.0
3758;beta_75;0.0
3759;beta_75;0.0
3760;beta_75;0.0
3761;beta_75;0.0
3762;beta_75;0.0
3763;beta_75;0.0
3764;beta_75;0.0
3765;beta_75;0.0
3766;beta_75;0.0
3767;beta_75;0.0
3768;beta_75;0.0
3769;beta_75;0.0
3770;beta_75;0.0
3771;beta_75;0.0
3772;beta_75;0.0
3773;beta_75;0.0
3774;beta_75;0.0
3775;beta_75;0.0
3776;beta_75;0.0
3777;beta_75;0.0
3778;beta_75;0.0
3779;beta_75;0.0
3780;beta_75;0.0
3781;beta_75;0.0
3782;beta_75;0.0
3783;beta_75;0.0
3784;beta_75;0.0
3785;beta_75;0.0
3786;beta_75;0.0
3787;beta_75;0.0
3788;beta_75;0.0
3789;beta_75;0.0
3790;beta_75;0.0
3791;beta_75;0.0
3792;beta_75;0.0
3793;beta_75;0.0
3794;beta_75;0.0
3795;beta_75;0.0
3796;beta_75;0.0
3797;beta_75;0.0
3798;beta_75;0.0
3799;beta_75;0.0
3800;beta_76;0.0
3801;beta_76;0.0
3802;beta_76;0.0
3803;beta_76;0.0
3804;beta_76;0.0
3805;beta_76;0.0
3806;beta_76;0.0
3807;beta_76;0.0
3808;beta_76;0.0
3809;beta_76;0.0
3810;beta_76;0.0
3811;beta_76;0.0
3812;beta_76;0.0
3813;beta_76;0.0
3814;beta_76;0.0
3815;beta_76;0.0
3816;beta_76;0.0
3817;beta_76;0.0
3818;beta_76;0.0
3819;beta_76;0.0
3820;beta_76;0.0
3821;beta_76;0.0
3822;beta_76;0.0
3823;beta_76;0.0
3824;beta_76;0.0
3825;beta_76;0.0
3826;beta_76;0.0
3827;beta_76;0.0
3828;beta_76;0.0
3829;beta_76;0.0
3830;beta_76;0.0
3831;beta_76;0.0
3832;beta_76;0.0
3833;beta_76;0.0
3834;beta_76;0.0
3835;beta_76;0.0
3836;beta_76;0.0
3837;beta_76;0.0
3838;beta_76;0.0
3839;beta_76;0.0
3840;beta_76;0.0
3841;beta_76;0.0
3842;beta_76;0.0
3843;beta_76;0.0
3844;beta_76;0.0
3845;beta_76;0.0
3846;beta_76;0.0
3847;beta_76;0.0
3848;beta_76;0.0
3849;beta_76;0.0
3850;beta_77;0.0
3851;beta_77;0.0
3852;beta_77;0.0
3853;beta_77;0.0
3854;beta_77;0.0
3855;beta_77;0.0
3856;beta_77;0.0
3857;beta_77;0.0
3858;beta_77;0.0
3859;beta_77;0.0
3860;beta_77;0.0
3861;beta_77;0.0
3862;beta_77;0.0
3863;beta_77;0.0
3864;beta_77;0.0
3865;beta_77;0.0
3866;beta_77;0.0
3867;beta_77;0.0
3868;beta_77;0.0
3869;beta_77;0.0
3870;beta_77;0.0
3871;beta_77;0.0
3872;beta_77;0.0
3873;beta_77;0.0
3874;beta_77;0.0
3875;beta_77;0.0
3876;beta_77;0.0
3877;beta_77;0.0
3878;beta_77;0.0
3879;beta_77;0.0
3880;beta_77;0.0
3881;beta_77;0.0
3882;beta_77;0.0
3883;beta_77;0.0
3884;beta_77;0.0
3885;beta_77;0.0
3886;beta_77;0.0
3887;beta_77;0.0
3888;beta_77;0.0
3889;beta_77;0.0
3890;beta_77;0.0
3891;beta_77;0.0
3892;beta_77;0.0
3893;beta_77;0.0
3894;beta_77;0.0
3895;beta_77;0.0
3896;beta_77;0.0
3897;beta_77;0.0
3898;beta_77;0.0
3899;beta_77;0.0
3900;beta_78;0.0
3901;beta_78;0.0
3902;beta_78;0.0
3903;beta_78;0.0
3904;beta_78;0.0
3905;beta_78;0.0
3906;beta_78;0.0
3907;beta_78;0.0
3908;beta_78;0.0
3909;beta_78;0.0
3910;beta_78;0.0
3911;beta_78;0.0
3912;beta_78;0.0
3913;beta_78;0.0
3914;beta_78;0.0
3915;beta_78;0.0
3916;beta_78;0.0
3917;beta_78;0.0
3918;beta_78;0.0
3919;beta_78;0.0
3920;beta_78;0.0
3921;beta_78;0.0
3922;beta_78;0.0
3923;beta_78;0.0
3924;beta_78;0.0
3925;beta_78;0.0
3926;beta_78;0.0
3927;beta_78;0.0
3928;beta_78;0.0
3929;beta_78;0.0
3930;beta_78;0.0
3931;beta_78;0.0
3932;beta_78;0.0
3933;beta_78;0.0
3934;beta_78;0.0
3935;beta_78;0.0
3936;beta_78;0.0
3937;beta_78;0.0
3938;beta_78;0.0
3939;beta_78;0.0
3940;beta_78;0.0
3941;beta_78;0.0
3942;beta_78;0.0
3943;beta_78;0.0
3944;beta_78;0.0
3945;beta_78;0.0
3946;beta_78;0.0
3947;beta_78;0.0
3948;beta_78;0.0
3949;beta_78;0.0
3950;beta_79;0.0
3951;beta_79;0.0
3952;beta_79;0.0
3953;beta_79;0.0
3954;beta_79;0.0
3955;beta_79;0.0
3956;beta_79;0.0
3957;beta_79;0.0
3958;beta_79;0.0
3959;beta_79;0.0
3960;beta_79;0.0
3961;beta_79;0.0
3962;beta_79;0.0
3963;beta_79;0.0
3964;beta_79;0.0
3965;beta_79;0.0
3966;beta_79;0.0
3967;beta_79;0.0
3968;beta_79;0.0
3969;beta_79;0.0
3970;beta_79;0.0
3971;beta_79;0.0
3972;beta_79;0.0
3973;beta_79;0.0
3974;beta_79;0.0
3975;beta_79;0.0
3976;beta_79;0.0
3977;beta_79;0.0
3978;beta_79;0.0
3979;beta_79;0.0
3980;beta_79;0.0
3981;beta_79;0.0
3982;beta_79;0.0
3983;beta_79;0.0
3984;beta_79;0.0
3985;beta_79;0.0
3986;beta_79;0.0
3987;beta_79;0.0
3988;beta_79;0.0
3989;beta_79;0.0
3990;beta_79;0.0
3991;beta_79;0.0
3992;beta_79;0.0
3993;beta_79;0.0
3994;beta_79;0.0
3995;beta_79;0.0
3996;beta_79;0.0
3997;beta_79;0.0
3998;beta_79;0.0
3999;beta_79;0.0
4000;beta_80;0.0
4001;beta_80;0.0
4002;beta_80;0.0
4003;beta_80;0.0
4004;beta_80;0.0
4005;beta_80;0.0
4006;beta_80;0.0
4007;beta_80;0.0
4008;beta_80;0.0
4009;beta_80;0.0
4010;beta_80;0.0
4011;beta_80;0.0
4012;beta_80;0.0
4013;beta_80;0.0
4014;beta_80;0.0
4015;beta_80;0.0
4016;beta_80;0.0
4017;beta_80;0.0
4018;beta_80;0.0
4019;beta_80;0.0
4020;beta_80;0.0
4021;beta_80;0.0
4022;beta_80;0.0
4023;beta_80;0.0
4024;beta_80;0.0
4025;beta_80;0.0
4026;beta_80;0.0
4027;beta_80;0.0
4028;beta_80;0.0
4029;beta_80;0.0
4030;beta_80;0.0
4031;beta_80;0.0
4032;beta_80;0.0
4033;beta_80;0.0
4034;beta_80;0.0
4035;beta_80;0.0
4036;beta_80;0.0
4037;beta_80;0.0
4038;beta_80;0.0
4039;beta_80;0.0
4040;beta_80;0.0
4041;beta_80;0.0
4042;beta_80;0.0
4043;beta_80;0.0
4044;beta_80;0.0
4045;beta_80;0.0
4046;beta_80;0.0
4047;beta_80;0.0
4048;beta_80;0.0
4049;beta_80;0.0
4050;beta_81;0.0
4051;beta_81;0.0
4052;beta_81;0.0
4053;beta_81;0.0
4054;beta_81;0.0
4055;beta_81;0.0
4056;beta_81;0.0
4057;beta_81;0.0
4058;beta_81;0.0
4059;beta_81;0.0
4060;beta_81;0.0
4061;beta_81;0.0
4062;beta_81;0.0
4063;beta_81;0.0
4064;beta_81;0.0
4065;beta_81;0.0
4066;beta_81;0.0
4067;beta_81;0.0
4068;beta_81;0.0
4069;beta_81;0.0
4070;beta_81;0.0
4071;beta_81;0.0
4072;beta_81;0.0
4073;beta_81;0.0
4074;beta_81;0.0
4075;beta_81;0.0
4076;beta_81;0.0
4077;beta_81;0.0
4078;beta_81;0.0
4079;beta_81;0.0
4080;beta_81;0.0
4081;beta_81;0.0
4082;beta_81;0.0
4083;beta_81;0.0
4084;beta_81;0.0
4085;beta_81;0.0
4086;beta_81;0.0
4087;beta_81;0.0
4088;beta_81;0.0
4089;beta_81;0.0
4090;beta_81;0.0
4091;beta_81;0.0
4092;beta_81;0.0
4093;beta_81;0.0
4094;beta_81;0.0
4095;beta_81;0.0
4096;beta_81;0.0
4097;beta_81;0.0
4098;beta_81;0.0
4099;beta_81;0.0
4100;beta_82;0.0
4101;beta_82;0.0
4102;beta_82;0.0
4103;beta_82;0.0
4104;beta_82;0.0
4105;beta_82;0.0
4106;beta_82;0.0
4107;beta_82;0.0
4108;beta_82;0.0
4109;beta_82;0.0
4110;beta_82;0.0
4111;beta_82;0.0
4112;beta_82;0.0
4113;beta_82;0.0
4114;beta_82;0.0
4115;beta_82;0.0
4116;beta_82;0.0
4117;beta_82;0.0
4118;beta_82;0.0
4119;beta_82;0.0
4120;beta_82;0.0
4121;beta_82;0.0
4122;beta_82;0.0
4123;beta_82;0.0
4124;beta_82;0.0
4125;beta_82;0.0
4126;beta_82;0.0
4127;beta_82;0.0
4128;beta_82;0.0
4129;beta_82;0.0
4130;beta_82;0.0
4131;beta_82;0.0
4132;beta_82;0.0
4133;beta_82;0.0
4134;beta_82;0.0
4135;beta_82;0.0
4136;beta_82;0.0
4137;beta_82;0.0
4138;beta_82;0.0
4139;beta_82;0.0
4140;beta_82;0.0
4141;beta_82;0.0
4142;beta_82;0.0
4143;beta_82;0.0
4144;beta_82;0.0
4145;beta_82;0.0
4146;beta_82;0.0
4147;beta_82;0.0
4148;beta_82;0.0
4149;beta_82;0.0
4150;beta_83;0.0
4151;beta_83;0.0
4152;beta_83;0.0
4153;beta_83;0.0
4154;beta_83;0.0
4155;beta_83;0.0
4156;beta_83;0.0
4157;beta_83;0.0
4158;beta_83;0.0
4159;beta_83;0.0
4160;beta_83;0.0
4161;beta_83;0.0
4162;beta_83;0.0
4163;beta_83;0.0
4164;beta_83;0.0
4165;beta_83;0.0
4166;beta_83;0.0
4167;beta_83;0.0
4168;beta_83;0.0
4169;beta_83;0.0
4170;beta_83;0.0
4171;beta_83;0.0
4172;beta_83;0.0
4173;beta_83;0.0
4174;beta_83;0.0
4175;beta_83;0.0
4176;beta_83;0.0
4177;beta_83;0.0
4178;beta_83;0.0
4179;beta_83;0.0
4180;beta_83;0.0
4181;beta_83;0.0
4182;beta_83;0.0
4183;beta_83;0.0
4184;beta_83;0.0
4185;beta_83;0.0
4186;beta_83;0.0
4187;beta_83;0.0
4188;beta_83;0.0
4189;beta_83;0.0
4190;beta_83;0.0
4191;beta_83;0.0
4192;beta_83;0.0
4193;beta_83;0.0
4194;beta_83;0.0
4195;beta_83;0.0
4196;beta_83;0.0
4197;beta_83;0.0
4198;beta_83;0.0
4199;beta_83;0.0
4200;beta_84;0.0
4201;beta_84;0.0
4202;beta_84;0.0
4203;beta_84;0.0
4204;beta_84;0.0
4205;beta_84;0.0
4206;beta_84;0.0
4207;beta_84;0.0
4208;beta_84;0.0
4209;beta_84;0.0
4210;beta_84;0.0
4211;beta_84;0.0
4212;beta_84;0.0
4213;beta_84;0.0
4214;beta_84;0.0
4215;beta_84;0.0
4216;beta_84;0.0
4217;beta_84;0.0
4218;beta_84;0.0
4219;beta_84;0.0
4220;beta_84;0.0
4221;beta_84;0.0
4222;beta_84;0.0
4223;beta_84;0.0
4224;beta_84;0.0
4225;beta_84;0.0
4226;beta_84;0.0
4227;beta_84;0.0
4228;beta_84;0.0
4229;beta_84;0.0
4230;beta_84;0.0
4231;beta_84;0.0
4232;beta_84;0.0
4233;beta_84;0.0
4234;beta_84;0.0
4235;beta_84;0.0
4236;beta_84;0.0
4237;beta_84;0.0
4238;beta_84;0.0
4239;beta_84;0.0
4240;beta_84;0.0
4241;beta_84;0.0
4242;beta_84;0.0
4243;beta_84;0.0
4244;beta_84;0.0
4245;beta_84;0.0
4246;beta_84;0.0
4247;beta_84;0.0
4248;beta_84;0.0
4249;beta_84;0.0
4250;beta_85;0.0
4251;beta_85;0.0
4252;beta_85;0.0
4253;beta_85;0.0
4254;beta_85;0.0
4255;beta_85;0.0
4256;beta_85;0.0
4257;beta_85;0.0
4258;beta_85;0.0
4259;beta_85;0.0
4260;beta_85;0.0
4261;beta_85;0.0
4262;beta_85;0.0
4263;beta_85;0.0
4264;beta_85;0.0
4265;beta_85;0.0
4266;beta_85;0.0
4267;beta_85;0.0
4268;beta_85;0.0
4269;beta_85;0.0
4270;beta_85;0.0
4271;beta_85;0.0
4272;beta_85;0.0
4273;beta_85;0.0
4274;beta_85;0.0
4275;beta_85;0.0
4276;beta_85;0.0
4277;beta_85;0.0
4278;beta_85;0.0
4279;beta_85;0.0
4280;beta_85;0.0
4281;beta_85;0.0
4282;beta_85;0.0
4283;beta_85;0.0
4284;beta_85;0.0
4285;beta_85;0.0
4286;beta_85;0.0
4287;beta_85;0.0
4288;beta_85;0.0
4289;beta_85;0.0
4290;beta_85;0.0
4291;beta_85;0.0
4292;beta_85;0.0
4293;beta_85;0.0
4294;beta_85;0.0
4295;beta_85;0.0
4296;beta_85;0.0
4297;beta_85;0.0
4298;beta_85;0.0
4299;beta_85;0.0
4300;beta_86;0.0
4301;beta_86;0.0
4302;beta_86;0.0
4303;beta_86;0.0
4304;beta_86;0.0
4305;beta_86;0.0
4306;beta_86;0.0
4307;beta_86;0.0
4308;beta_86;0.0
4309;beta_86;0.0
4310;beta_86;0.0
4311;beta_86;0.0
4312;beta_86;0.0
4313;beta_86;0.0
4314;beta_86;0.0
4315;beta_86;0.0
4316;beta_86;0.0
4317;beta_86;0.0
4318;beta_86;0.0
4319;beta_86;0.0
4320;beta_86;0.0
4321;beta_86;0.0
4322;beta_86;0.0
4323;beta_86;0.0
4324;beta_86;0.0
4325;beta_86;0.0
4326;beta_86;0.0
4327;beta_86;0.0
4328;beta_86;0.0
4329;beta_86;0.0
4330;beta_86;0.0
4331;beta_86;0.0
4332;beta_86;0.0
4333;beta_86;0.0
4334;beta_86;0.0
4335;beta_86;0.0
4336;beta_86;0.0
4337;beta_86;0.0
4338;beta_86;0.0
4339;beta_86;0.0
4340;beta_86;0.0
4341;beta_86;0.0
4342;beta_86;0.0
4343;beta_86;0.0
4344;beta_86;0.0
4345;beta_86;0.0
4346;beta_86;0.0
4347;beta_86;0.0
4348;beta_86;0.0
4349;beta_86;0.0
4350;beta_87;0.0
4351;beta_87;0.0
4352;beta_87;0.0
4353;beta_87;0.0
4354;beta_87;0.0
4355;beta_87;0.0
4356;beta_87;0.0
4357;beta_87;0.0
4358;beta_87;0.0
4359;beta_87;0.0
4360;beta_87;0.0
4361;beta_87;0.0
4362;beta_87;0.0
4363;beta_87;0.0
4364;beta_87;0.0
4365;beta_87;0.0
4366;beta_87;0.0
4367;beta_87;0.0
4368;beta_87;0.0
4369;beta_87;0.0
4370;beta_87;0.0
4371;beta_87;0.0
4372;beta_87;0.0
4373;beta_87;0.0
4374;beta_87;0.0
4375;beta_87;0.0
4376;beta_87;0.0
4377;beta_87;0.0
4378;beta_87;0.0
4379;beta_87;0.0
4380;beta_87;0.0
4381;beta_87;0.0
4382;beta_87;0.0
4383;beta_87;0.0
4384;beta_87;0.0
4385;beta_87;0.0
4386;beta_87;0.0
4387;beta_87;0.0
4388;beta_87;0.0
4389;beta_87;0.0
4390;beta_87;0.0
4391;beta_87;0.0
4392;beta_87;0.0
4393;beta_87;0.0
4394;beta_87;0.0
4395;beta_87;0.0
4396;beta_87;0.0
4397;beta_87;0.0
4398;beta_87;0.0
4399;beta_87;0.0
4400;beta_88;0.0
4401;beta_88;0.0
4402;beta_88;0.0
4403;beta_88;0.0
4404;beta_88;0.0
4405;beta_88;0.0
4406;beta_88;0.0
4407;beta_88;0.0
4408;beta_88;0.0
4409;beta_88;0.0
4410;beta_88;0.0
4411;beta_88;0.0
4412;beta_88;0.0
4413;beta_88;0.0
4414;beta_88;0.0
4415;beta_88;0.0
4416;beta_88;0.0
4417;beta_88;0.0
4418;beta_88;0.0
4419;beta_88;0.0
4420;beta_88;0.0
4421;beta_88;0.0
4422;beta_88;0.0
4423;beta_88;0.0
4424;beta_88;0.0
4425;beta_88;0.0
4426;beta_88;0.0
4427;beta_88;0.0
4428;beta_88;0.0
4429;beta_88;0.0
4430;beta_88;0.0
4431;beta_88;0.0
4432;beta_88;0.0
4433;beta_88;0.0
4434;beta_88;0.0
4435;beta_88;0.0
4436;beta_88;0.0
4437;beta_88;0.0
4438;beta_88;0.0
4439;beta_88;0.0
4440;beta_88;0.0
4441;beta_88;0.0
4442;beta_88;0.0
4443;beta_88;0.0
4444;beta_88;0.0
4445;beta_88;0.0
4446;beta_88;0.0
4447;beta_88;0.0
4448;beta_88;0.0
4449;beta_88;0.0
4450;beta_89;0.0
4451;beta_89;0.0
4452;beta_89;0.0
4453;beta_89;0.0
4454;beta_89;0.0
4455;beta_89;0.0
4456;beta_89;0.0
4457;beta_89;0.0
4458;beta_89;0.0
4459;beta_89;0.0
4460;beta_89;0.0
4461;beta_89;0.0
4462;beta_89;0.0
4463;beta_89;0.0
4464;beta_89;0.0
4465;beta_89;0.0
4466;beta_89;0.0
4467;beta_89;0.0
4468;beta_89;0.0
4469;beta_89;0.0
4470;beta_89;0.0
4471;beta_89;0.0
4472;beta_89;0.0
4473;beta_89;0.0
4474;beta_89;0.0
4475;beta_89;0.0
4476;beta_89;0.0
4477;beta_89;0.0
4478;beta_89;0.0
4479;beta_89;0.0
4480;beta_89;0.0
4481;beta_89;0.0
4482;beta_89;0.0
4483;beta_89;0.0
4484;beta_89;0.0
4485;beta_89;0.0
4486;beta_89;0.0
4487;beta_89;0.0
4488;beta_89;0.0
4489;beta_89;0.0
4490;beta_89;0.0
4491;beta_89;0.0
4492;beta_89;0.0
4493;beta_89;0.0
4494;beta_89;0.0
4495;beta_89;0.0
4496;beta_89;0.0
4497;beta_89;0.0
4498;beta_89;0.0
4499;beta_89;0.0
4500;beta_90;0.0
4501;beta_90;0.0
4502;beta_90;0.0
4503;beta_90;0.0
4504;beta_90;0.0
4505;beta_90;0.0
4506;beta_90;0.0
4507;beta_90;0.0
4508;beta_90;0.0
4509;beta_90;0.0
4510;beta_90;0.0
4511;beta_90;0.0
4512;beta_90;0.0
4513;beta_90;0.0
4514;beta_90;0.0
4515;beta_90;0.0
4516;beta_90;0.0
4517;beta_90;0.0
4518;beta_90;0.0
4519;beta_90;0.0
4520;beta_90;0.0
4521;beta_90;0.0
4522;beta_90;0.0
4523;beta_90;0.0
4524;beta_90;0.0
4525;beta_90;0.0
4526;beta_90;0.0
4527;beta_90;0.0
4528;beta_90;0.0
4529;beta_90;0.0
4530;beta_90;0.0
4531;beta_90;0.0
4532;beta_90;0.0
4533;beta_90;0.0
4534;beta_90;0.0
4535;beta_90;0.0
4536;beta_90;0.0
4537;beta_90;0.0
4538;beta_90;0.0
4539;beta_90;0.0
4540;beta_90;0.0
4541;beta_90;0.0
4542;beta_90;0.0
4543;beta_90;0.0
4544;beta_90;0.0
4545;beta_90;0.0
4546;beta_90;0.0
4547;beta_90;0.0
4548;beta_90;0.0
4549;beta_90;0.0
4550;beta_91;0.0
4551;beta_91;0.0
4552;beta_91;0.0
4553;beta_91;0.0
4554;beta_91;0.0
4555;beta_91;0.0
4556;beta_91;0.0
4557;beta_91;0.0
4558;beta_91;0.0
4559;beta_91;0.0
4560;beta_91;0.0
4561;beta_91;0.0
4562;beta_91;0.0
4563;beta_91;0.0
4564;beta_91;0.0
4565;beta_91;0.0
4566;beta_91;0.0
4567;beta_91;0.0
4568;beta_91;0.0
4569;beta_91;0.0
4570;beta_91;0.0
4571;beta_91;0.0
4572;beta_91;0.0
4573;beta_91;0.0
4574;beta_91;0.0
4575;beta_91;0.0
4576;beta_91;0.0
4577;beta_91;0.0
4578;beta_91;0.0
4579;beta_91;0.0
4580;beta_91;0.0
4581;beta_91;0.0
4582;beta_91;0.0
4583;beta_91;0.0
4584;beta_91;0.0
4585;beta_91;0.0
4586;beta_91;0.0
4587;beta_91;0.0
4588;beta_91;0.0
4589;beta_91;0.0
4590;beta_91;0.0
4591;beta_91;0.0
4592;beta_91;0.0
4593;beta_91;0.0
4594;beta_91;0.0
4595;beta_91;0.0
4596;beta_91;0.0
4597;beta_91;0.0
4598;beta_91;0.0
4599;beta_91;0.0
4600;beta_92;0.0
4601;beta_92;0.0
4602;beta_92;0.0
4603;beta_92;0.0
4604;beta_92;0.0
4605;beta_92;0.0
4606;beta_92;0.0
4607;beta_92;0.0
4608;beta_92;0.0
4609;beta_92;0.0
4610;beta_92;0.0
4611;beta_92;0.0
4612;beta_92;0.0
4613;beta_92;0.0
4614;beta_92;0.0
4615;beta_92;0.0
4616;beta_92;0.0
4617;beta_92;0.0
4618;beta_92;0.0
4619;beta_92;0.0
4620;beta_92;0.0
4621;beta_92;0.0
4622;beta_92;0.0
4623;beta_92;0.0
4624;beta_92;0.0
4625;beta_92;0.0
4626;beta_92;0.0
4627;beta_92;0.0
4628;beta_92;0.0
4629;beta_92;0.0
4630;beta_92;0.0
4631;beta_92;0.0
4632;beta_92;0.0
4633;beta_92;0.0
4634;beta_92;0.0
4635;beta_92;0.0
4636;beta_92;0.0
4637;beta_92;0.0
4638;beta_92;0.0
4639;beta_92;0.0
4640;beta_92;0.0
4641;beta_92;0.0
4642;beta_92;0.0
4643;beta_92;0.0
4644;beta_92;0.0
4645;beta_92;0.0
4646;beta_92;0.0
4647;beta_92;0.0
4648;beta_92;0.0
4649;beta_92;0.0
4650;beta_93;0.0
4651;beta_93;0.0
4652;beta_93;0.0
4653;beta_93;0.0
4654;beta_93;0.0
4655;beta_93;0.0
4656;beta_93;0.0
4657;beta_93;0.0
4658;beta_93;0.0
4659;beta_93;0.0
4660;beta_93;0.0
4661;beta_93;0.0
4662;beta_93;0.0
4663;beta_93;0.0
4664;beta_93;0.0
4665;beta_93;0.0
4666;beta_93;0.0
4667;beta_93;0.0
4668;beta_93;0.0
4669;beta_93;0.0
4670;beta_93;0.0
4671;beta_93;0.0
4672;beta_93;0.0
4673;beta_93;0.0
4674;beta_93;0.0
4675;beta_93;0.0
4676;beta_93;0.0
4677;beta_93;0.0
4678;beta_93;0.0
4679;beta_93;0.0
4680;beta_93;0.0
4681;beta_93;0.0
4682;beta_93;0.0
4683;beta_93;0.0
4684;beta_93;0.0
4685;beta_93;0.0
4686;beta_93;0.0
4687;beta_93;0.0
4688;beta_93;0.0
4689;beta_93;0.0
4690;beta_93;0.0
4691;beta_93;0.0
4692;beta_93;0.0
4693;beta_93;0.0
4694;beta_93;0.0
4695;beta_93;0.0
4696;beta_93;0.0
4697;beta_93;0.0
4698;beta_93;0.0
4699;beta_93;0.0
4700;beta_94;0.0
4701;beta_94;0.0
4702;beta_94;0.0
4703;beta_94;0.0
4704;beta_94;0.0
4705;beta_94;0.0
4706;beta_94;0.0
4707;beta_94;0.0
4708;beta_94;0.0
4709;beta_94;0.0
4710;beta_94;0.0
4711;beta_94;0.0
4712;beta_94;0.0
4713;beta_94;0.0
4714;beta_94;0.0
4715;beta_94;0.0
4716;beta_94;0.0
4717;beta_94;0.0
4718;beta_94;0.0
4719;beta_94;0.0
4720;beta_94;0.0
4721;beta_94;0.0
4722;beta_94;0.0
4723;beta_94;0.0
4724;beta_94;0.0
4725;beta_94;0.0
4726;beta_94;0.0
4727;beta_94;0.0
4728;beta_94;0.0
4729;beta_94;0.0
4730;beta_94;0.0
4731;beta_94;0.0
4732;beta_94;0.0
4733;beta_94;0.0
4734;beta_94;0.0
4735;beta_94;0.0
4736;beta_94;0.0
4737;beta_94;0.0
4738;beta_94;0.0
4739;beta_94;0.0
4740;beta_94;0.0
4741;beta_94;0.0
4742;beta_94;0.0
4743;beta_94;0.0
4744;beta_94;0.0
4745;beta_94;0.0
4746;beta_94;0.0
4747;beta_94;0.0
4748;beta_94;0.0
4749;beta_94;0.0
4750;beta_95;0.0
4751;beta_95;0.0
4752;beta_95;0.0
4753;beta_95;0.0
4754;beta_95;0.0
4755;beta_95;0.0
4756;beta_95;0.0
4757;beta_95;0.0
4758;beta_95;0.0
4759;beta_95;0.0
4760;beta_95;0.0
4761;beta_95;0.0
4762;beta_95;0.0
4763;beta_95;0.0
4764;beta_95;0.0
4765;beta_95;0.0
4766;beta_95;0.0
4767;beta_95;0.0
4768;beta_95;0.0
4769;beta_95;0.0
4770;beta_95;0.0
4771;beta_95;0.0
4772;beta_95;0.0
4773;beta_95;0.0
4774;beta_95;0.0
4775;beta_95;0.0
4776;beta_95;0.0
4777;beta_95;0.0
4778;beta_95;0.0
4779;beta_95;0.0
4780;beta_95;0.0
4781;beta_95;0.0
4782;beta_95;0.0
4783;beta_95;0.0
4784;beta_95;0.0
4785;beta_95;0.0
4786;beta_95;0.0
4787;beta_95;0.0
4788;beta_95;0.0
4789;beta_95;0.0
4790;beta_95;0.0
4791;beta_95;0.0
4792;beta_95;0.0
4793;beta_95;0.0
4794;beta_95;0.0
4795;beta_95;0.0
4796;beta_95;0.0
4797;beta_95;0.0
4798;beta_95;0.0
4799;beta_95;0.0
4800;beta_96;0.0
4801;beta_96;0.0
4802;beta_96;0.0
4803;beta_96;0.0
4804;beta_96;0.0
4805;beta_96;0.0
4806;beta_96;0.0
4807;beta_96;0.0
4808;beta_96;0.0
4809;beta_96;0.0
4810;beta_96;0.0
4811;beta_96;0.0
4812;beta_96;0.0
4813;beta_96;0.0
4814;beta_96;0.0
4815;beta_96;0.0
4816;beta_96;0.0
4817;beta_96;0.0
4818;beta_96;0.0
4819;beta_96;0.0
4820;beta_96;0.0
4821;beta_96;0.0
4822;beta_96;0.0
4823;beta_96;0.0
4824;beta_96;0.0
4825;beta_96;0.0
4826;beta_96;0.0
4827;beta_96;0.0
4828;beta_96;0.0
4829;beta_96;0.0
4830;beta_96;0.0
4831;beta_96;0.0
4832;beta_96;0.0
4833;beta_96;0.0
4834;beta_96;0.0
4835;beta_96;0.0
4836;beta_96;0.0
4837;beta_96;0.0
4838;beta_96;0.0
4839;beta_96;0.0
4840;beta_96;0.0
4841;beta_96;0.0
4842;beta_96;0.0
4843;beta_96;0.0
4844;beta_96;0.0
4845;beta_96;0.0
4846;beta_96;0.0
4847;beta_96;0.0
4848;beta_96;0.0
4849;beta_96;0.0
4850;beta_97;0.0
4851;beta_97;0.0
4852;beta_97;0.0
4853;beta_97;0.0
4854;beta_97;0.0
4855;beta_97;0.0
4856;beta_97;0.0
4857;beta_97;0.0
4858;beta_97;0.0
4859;beta_97;0.0
4860;beta_97;0.0
4861;beta_97;0.0
4862;beta_97;0.0
4863;beta_97;0.0
4864;beta_97;0.0
4865;beta_97;0.0
4866;beta_97;0.0
4867;beta_97;0.0
4868;beta_97;0.0
4869;beta_97;0.0
4870;beta_97;0.0
4871;beta_97;0.0
4872;beta_97;0.0
4873;beta_97;0.0
4874;beta_97;0.0
4875;beta_97;0.0
4876;beta_97;0.0
4877;beta_97;0.0
4878;beta_97;0.0
4879;beta_97;0.0
4880;beta_97;0.0
4881;beta_97;0.0
4882;beta_97;0.0
4883;beta_97;0.0
4884;beta_97;0.0
4885;beta_97;0.0
4886;beta_97;0.0
4887;beta_97;0.0
4888;beta_97;0.0
4889;beta_97;0.0
4890;beta_97;0.0
4891;beta_97;0.0
4892;beta_97;0.0
4893;beta_97;0.0
4894;beta_97;0.0
4895;beta_97;0.0
4896;beta_97;0.0
4897;beta_97;0.0
4898;beta_97;0.0
4899;beta_97;0.0
4900;beta_98;0.0
4901;beta_98;0.0
4902;beta_98;0.0
4903;beta_98;0.0
4904;beta_98;0.0
4905;beta_98;0.0
4906;beta_98;0.0
4907;beta_98;0.0
4908;beta_98;0.0
4909;beta_98;0.0
4910;beta_98;0.0
4911;beta_98;0.0
4912;beta_98;0.0
4913;beta_98;0.0
4914;beta_98;0.0
4915;beta_98;0.0
4916;beta_98;0.0
4917;beta_98;0.0
4918;beta_98;0.0
4919;beta_98;0.0
4920;beta_98;0.0
4921;beta_98;0.0
4922;beta_98;0.0
4923;beta_98;0.0
4924;beta_98;0.0
4925;beta_98;0.0
4926;beta_98;0.0
4927;beta_98;0.0
4928;beta_98;0.0
4929;beta_98;0.0
4930;beta_98;0.0
4931;beta_98;0.0
4932;beta_98;0.0
4933;beta_98;0.0
4934;beta_98;0.0
4935;beta_98;0.0
4936;beta_98;0.0
4937;beta_98;0.0
4938;beta_98;0.0
4939;beta_98;0.0
4940;beta_98;0.0
4941;beta_98;0.0
4942;beta_98;0.0
4943;beta_98;0.0
4944;beta_98;0.0
4945;beta_98;0.0
4946;beta_98;0.0
4947;beta_98;0.0
4948;beta_98;0.0
4949;beta_98;0.0
4950;beta_99;0.0
4951;beta_99;0.0
4952;beta_99;0.0
4953;beta_99;0.0
4954;beta_99;0.0
4955;beta_99;0.0
4956;beta_99;0.0
4957;beta_99;0.0
4958;beta_99;0.0
4959;beta_99;0.0
4960;beta_99;0.0
4961;beta_99;0.0
4962;beta_99;0.0
4963;beta_99;0.0
4964;beta_99;0.0
4965;beta_99;0.0
4966;beta_99;0.0
4967;beta_99;0.0
4968;beta_99;0.0
4969;beta_99;0.0
4970;beta_99;0.0
4971;beta_99;0.0
4972;beta_99;0.0
4973;beta_99;0.0
4974;beta_99;0.0
4975;beta_99;0.0
4976;beta_99;0.0
4977;beta_99;0.0
4978;beta_99;0.0
4979;beta_99;0.0
4980;beta_99;0.0
4981;beta_99;0.0
4982;beta_99;0.0
4983;beta_99;0.0
4984;beta_99;0.0
4985;beta_99;0.0
4986;beta_99;0.0
4987;beta_99;0.0
4988;beta_99;0.0
4989;beta_99;0.0
4990;beta_99;0.0
4991;beta_99;0.0
4992;beta_99;0.0
4993;beta_99;0.0
4994;beta_99;0.0
4995;beta_99;0.0
4996;beta_99;0.0
4997;beta_99;0.0
4998;beta_99;0.0
4999;beta_99;0.0
